"DESCRIPTION","DURATION IN MS","NAME","PARENT SUITE","START TIME","STATUS","STOP TIME","SUB SUITE","SUITE","TEST CLASS","TEST METHOD"
"","19939","LS-I11: rapid Hindi→English Save stays Vendor","L2B Vendor Language settings ALL","Thu Oct 01 15:46:02 IST 2026","passed","Thu Oct 01 15:46:22 IST 2026","com.l2b.vendor.modules.settings.presentation.tests.LanguageSettingsInteractTest","LanguageSettings-Interact","com.l2b.vendor.modules.settings.presentation.tests.LanguageSettingsInteractTest","rapidHindiEnglishSave"
"","14936","RH-I10: Calendar tab — Schedule, bar stays","L2B RH-I10","Tue Sep 22 12:20:57 IST 2026","passed","Tue Sep 22 12:21:12 IST 2026","com.l2b.vendor.modules.home.presentation.tests.RentalHomeInteractTest","RH-I10 calendar","com.l2b.vendor.modules.home.presentation.tests.RentalHomeInteractTest","calendarTab"
"When scheduled_start arrives (or is advanced in QA), the booking moves from Upcoming to Active with Start OTP chrome. Backend status in_progress (RB-A).","19351","RB-S12: Upcoming → Active at start time","L2B RB-S12","Thu Sep 24 11:30:26 IST 2026","passed","Thu Sep 24 11:30:46 IST 2026","com.l2b.vendor.modules.bookings.presentation.tests.rentalbooking.RentalBookingLifecycleTest","RB-S12 upcomingBecomesActiveAtStart","com.l2b.vendor.modules.bookings.presentation.tests.rentalbooking.RentalBookingLifecycleTest","upcomingBecomesActiveAtStart"
"","14281","PD-E12: chrome-only path never leaves launcher","L2B Vendor Profile drawer ALL","Tue Sep 29 12:50:09 IST 2026","passed","Tue Sep 29 12:50:24 IST 2026","com.l2b.vendor.modules.settings.presentation.tests.ProfileDrawerEdgeTest","ProfileDrawer-Edge","com.l2b.vendor.modules.settings.presentation.tests.ProfileDrawerEdgeTest","chromeOnlyNeverLauncher"
"POST decline with a required reason. Vendor list must drop the row, and the reason must remain readable for audit (customer order / cancellation_reason / decline response). A silent drop with no stored reason is a new Bookings bug.","2411","RB-A7: decline persists the reason","L2B RB-A7","Thu Sep 24 13:15:35 IST 2026","failed","Thu Sep 24 13:15:38 IST 2026","com.l2b.vendor.modules.bookings.data.api.RentalBookingApiGapTest","RB-A7 declinePersistsReason","com.l2b.vendor.modules.bookings.data.api.RentalBookingApiGapTest","declinePersistsReason"
"List #2. Blocked on 9000000001 while pending rentals exist. Not retargeted to 0003.","3","Edge-1: Quick Booking does not appear when no eligible rentals","L2B Vendor Quick Booking edges — rental owner 9000000001","Fri Sep 18 16:27:24 IST 2026","skipped","Fri Sep 18 16:27:24 IST 2026","com.l2b.vendor.modules.quickbooking.presentation.tests.QuickBookingEdgeCasesTest","Quick Booking edge cases","com.l2b.vendor.modules.quickbooking.presentation.tests.QuickBookingEdgeCasesTest","doesNotAppearWhenNoEligibleRentals"
"Dump 01: Order + Sale cards with Sale ₹ amount.","33775","EA-L6: Order + Sale stats","L2B Vendor Earning EA-L6","Sat Sep 26 12:55:57 IST 2026","passed","Sat Sep 26 12:56:31 IST 2026","com.l2b.vendor.modules.earning.presentation.tests.EarningLandingTest","EA-L6","com.l2b.vendor.modules.earning.presentation.tests.EarningLandingTest","orderAndSaleStats"
"Cold start, first-launch to OTP, 1234. Record whether Quick Booking appears before Home.","20205","Discovery: 9000000003 rental individual after OTP","L2B Vendor Quick Booking landing discovery","Fri Sep 18 12:01:45 IST 2026","passed","Fri Sep 18 12:02:05 IST 2026","com.l2b.vendor.modules.onboarding.presentation.tests.QuickBookingLandingDiscovery","Discovery 9000000003","com.l2b.vendor.modules.onboarding.presentation.tests.QuickBookingLandingDiscovery","observeRentalIndividual0003"
"Measure the live EditText bounds in px and dp. Count child box nodes. Dump landscape XML.","11130","OTP EditText dump sizing portrait vs landscape","L2B Vendor","Thu Sep 17 16:51:27 IST 2026","passed","Thu Sep 17 16:51:38 IST 2026","com.l2b.vendor.modules.onboarding.presentation.tests.OTPScreenTest","09 OTP screen edges","com.l2b.vendor.modules.onboarding.presentation.tests.OTPScreenTest","otpFieldSizingFromDump"
"Dump 04: Withdraw → Enter Amount + chips + Withdraw Money CTA.","47927","EA-I2: Withdraw opens Withdraw Money form","L2B Vendor Earning EA-I2","Sat Sep 26 13:02:58 IST 2026","passed","Sat Sep 26 13:03:46 IST 2026","com.l2b.vendor.modules.earning.presentation.tests.EarningInteractTest","EA-I2","com.l2b.vendor.modules.earning.presentation.tests.EarningInteractTest","withdrawOpensForm"
"","19865","HS-E22: rapid Call Support open/recover","L2B Vendor Help functional extras","Thu Oct 01 12:25:38 IST 2026","passed","Thu Oct 01 12:25:58 IST 2026","com.l2b.vendor.modules.help.presentation.tests.HelpEdgeTest","Help-Edge-Extra","com.l2b.vendor.modules.help.presentation.tests.HelpEdgeTest","rapidCallSupportRecover"
"","49812","RH-I6: Earning Projected — named landing","L2B RH-I6","Tue Sep 22 12:16:35 IST 2026","passed","Tue Sep 22 12:17:25 IST 2026","com.l2b.vendor.modules.home.presentation.tests.RentalHomeInteractTest","RH-I6 projected","com.l2b.vendor.modules.home.presentation.tests.RentalHomeInteractTest","tapEarningProjected"
"Tap Help in the Bookings header. Record the destination, then Back to the Bookings list with the same tab still selected.","72881","RB-I11: Help opens support and returns","L2B RB-I11","Wed Sep 23 17:39:03 IST 2026","passed","Wed Sep 23 17:40:16 IST 2026","com.l2b.vendor.modules.bookings.presentation.tests.rentalbooking.RentalBookingInteractTest","RB-I11 helpFromBookings","com.l2b.vendor.modules.bookings.presentation.tests.rentalbooking.RentalBookingInteractTest","helpFromBookings"
"If launcher: new Rental Home bug. Do not fold into #13 or #17.","46715","RH-E1: device Back on Rental Home","L2B RH-E1","Tue Sep 22 12:28:48 IST 2026","passed","Tue Sep 22 12:29:35 IST 2026","com.l2b.vendor.modules.home.presentation.tests.RentalHomeEdgeTest","RH-E1 back","com.l2b.vendor.modules.home.presentation.tests.RentalHomeEdgeTest","backOnHome"
"Submit 0000, 1111, 2222, 3333 in one session. Record lockout/cooldown copy and landing.","10890","Case 10: Multiple consecutive wrong OTPs — lockout?","L2B Vendor","Thu Sep 17 16:42:18 IST 2026","passed","Thu Sep 17 16:42:29 IST 2026","com.l2b.vendor.modules.onboarding.presentation.tests.OTPScreenTest","09 OTP screen edges","com.l2b.vendor.modules.onboarding.presentation.tests.OTPScreenTest","multipleWrongOtpsLockoutOrNot"
"6666666666 + terms. Confirm same enablement as 9999999999.","7619","Case 7: All-same 6666666666 — blocked or Get OTP enables","L2B Vendor","Thu Sep 17 16:31:29 IST 2026","passed","Thu Sep 17 16:31:36 IST 2026","com.l2b.vendor.modules.onboarding.presentation.tests.SignUpTest","08 Sign up screen edges","com.l2b.vendor.modules.onboarding.presentation.tests.SignUpTest","allSameSixesEnablesOrBlocksGetOtp"
"","13059","HS-I6: reopen Help after Back","L2B Vendor Help and Support ALL","Thu Oct 01 11:44:24 IST 2026","passed","Thu Oct 01 11:44:37 IST 2026","com.l2b.vendor.modules.help.presentation.tests.HelpInteractTest","Help-Interact","com.l2b.vendor.modules.help.presentation.tests.HelpInteractTest","reopenAfterBack"
"","12785","PD-E9: company code L2B- intact after Cancel","L2B Vendor Profile drawer ALL","Tue Sep 29 12:48:54 IST 2026","passed","Tue Sep 29 12:49:06 IST 2026","com.l2b.vendor.modules.settings.presentation.tests.ProfileDrawerEdgeTest","ProfileDrawer-Edge","com.l2b.vendor.modules.settings.presentation.tests.ProfileDrawerEdgeTest","companyCodeIntactAfterCancel"
"","63575","AC-I9: phone value stays 9000000001 after Cancel","L2B Vendor Account ALL","Tue Sep 29 13:59:52 IST 2026","passed","Tue Sep 29 14:00:56 IST 2026","com.l2b.vendor.modules.settings.presentation.tests.AccountInteractTest","Account-Interact","com.l2b.vendor.modules.settings.presentation.tests.AccountInteractTest","phoneUnchangedAfterCancel"
"Hold a stale card on screen, resolve the same booking from the customer web or an API call, then tap Accept. Expect a clear conflict message and a list refresh, not a crash or a second acceptance (pairs with RB-A6).","35346","RB-E7: Accept a booking already resolved elsewhere","L2B RB-E7","Thu Sep 24 12:26:07 IST 2026","failed","Thu Sep 24 12:26:43 IST 2026","com.l2b.vendor.modules.bookings.presentation.tests.rentalbooking.RentalBookingEdgeTest","RB-E7 acceptAlreadyResolvedElsewhere","com.l2b.vendor.modules.bookings.presentation.tests.rentalbooking.RentalBookingEdgeTest","acceptAlreadyResolvedElsewhere"
"","44324","PD-L10: stay Vendor package","L2B Vendor Profile drawer ALL","Tue Sep 29 12:22:08 IST 2026","passed","Tue Sep 29 12:22:52 IST 2026","com.l2b.vendor.modules.settings.presentation.tests.ProfileDrawerLandingTest","ProfileDrawer-Landing","com.l2b.vendor.modules.settings.presentation.tests.ProfileDrawerLandingTest","stayVendorPackage"
"","12224","HS-E4: layout publish checks","L2B Vendor Help and Support ALL","Thu Oct 01 11:49:07 IST 2026","passed","Thu Oct 01 11:49:19 IST 2026","com.l2b.vendor.modules.help.presentation.tests.HelpEdgeTest","Help-Edge","com.l2b.vendor.modules.help.presentation.tests.HelpEdgeTest","layoutPublishChecks"
"After opening Change sheet, Close sheet / Back returns to Your Fleet with bottom tabs. Dump 25 Sep 03-after-operator-back.","12999","FL-I2: dismiss operator sheet returns to Your Fleet","L2B Vendor Fleet interact FL-I2","Fri Sep 25 12:43:12 IST 2026","passed","Fri Sep 25 12:43:25 IST 2026","com.l2b.vendor.modules.fleet.presentation.tests.FleetInteractTest","FL-I2","com.l2b.vendor.modules.fleet.presentation.tests.FleetInteractTest","dismissOperatorSheetReturnsFleet"
"Paste '+91 9876543210'. Record field text. Duplicate +91 or 919876543210 is a finding.","23914","Case 12: Paste +91 9876543210 — no duplicate country code","L2B Vendor","Thu Sep 17 16:33:20 IST 2026","passed","Thu Sep 17 16:33:44 IST 2026","com.l2b.vendor.modules.onboarding.presentation.tests.SignUpTest","08 Sign up screen edges","com.l2b.vendor.modules.onboarding.presentation.tests.SignUpTest","pasteNumberWithCountryCode"
"","16667","LS-E6: Hindi → Fleet reflects","L2B Vendor Language settings ALL","Thu Oct 01 15:52:36 IST 2026","passed","Thu Oct 01 15:52:52 IST 2026","com.l2b.vendor.modules.settings.presentation.tests.LanguageSettingsEdgeTest","LanguageSettings-Edge","com.l2b.vendor.modules.settings.presentation.tests.LanguageSettingsEdgeTest","hindiFleetReflects"
"Dump 08 may show 'order no longer available' — Close/Back must recover.","19685","NT-E8: View Details stale toast still recoverable","L2B Vendor Notifications NT-E8","Mon Sep 28 12:38:19 IST 2026","passed","Mon Sep 28 12:38:39 IST 2026","com.l2b.vendor.modules.notifications.presentation.tests.NotificationsEdgeTest","NT-E8","com.l2b.vendor.modules.notifications.presentation.tests.NotificationsEdgeTest","staleOrderRecoverable"
"If portrait-locked, stay portrait and do not crash. Landscape layout is not asserted when locked.","10695","Rotation during splash","L2B Vendor","Thu Sep 24 10:46:35 IST 2026","failed","Thu Sep 24 10:46:45 IST 2026","com.l2b.vendor.modules.onboarding.presentation.tests.SplashScreenTest","00 Splash screen edges","com.l2b.vendor.modules.onboarding.presentation.tests.SplashScreenTest","rotationDuringSplash"
"","38508","AC-E1: rapid Edit Cancel stays Vendor","L2B Vendor Account ALL","Tue Sep 29 14:07:41 IST 2026","passed","Tue Sep 29 14:08:20 IST 2026","com.l2b.vendor.modules.settings.presentation.tests.AccountEdgeTest","Account-Edge","com.l2b.vendor.modules.settings.presentation.tests.AccountEdgeTest","rapidEditCancelStaysVendor"
"","19102","HS-I14: Your Bookings sheet dismiss → Live chat form","L2B Vendor Help functional extras","Thu Oct 01 12:19:04 IST 2026","passed","Thu Oct 01 12:19:24 IST 2026","com.l2b.vendor.modules.help.presentation.tests.HelpInteractTest","Help-Interact-Extra","com.l2b.vendor.modules.help.presentation.tests.HelpInteractTest","bookingsSheetDismissKeepsLiveChat"
"","40005","CA-E9: month between chevrons (layout)","L2B Vendor Calendar CA-E9","Mon Sep 28 11:30:19 IST 2026","passed","Mon Sep 28 11:30:59 IST 2026","com.l2b.vendor.modules.calendar.presentation.tests.CalendarEdgeTest","CA-E9","com.l2b.vendor.modules.calendar.presentation.tests.CalendarEdgeTest","monthBetweenChevronsLayout"
"9000000001 + 1234. First visible pending card: SKU, online amount, site, Timer. Do not tap Accept/Decline.","46930","0001-5: First pending card content after login","L2B Vendor Quick Booking — rental company 9000000001","Fri Sep 18 14:41:03 IST 2026","passed","Fri Sep 18 14:41:50 IST 2026","com.l2b.vendor.modules.bookings.presentation.tests.quickbooking.RentalCompanyQuickBookingTest","Rental company Quick Booking","com.l2b.vendor.modules.bookings.presentation.tests.quickbooking.RentalCompanyQuickBookingTest","firstPendingCardContentAfterLogin"
"Dump 10 chrome only — assert dialog copy, Cancel only.","47335","PD-I6: Log Out dialog body + Cancel + Log out chrome","L2B Vendor Profile drawer ALL","Tue Sep 29 12:31:24 IST 2026","passed","Tue Sep 29 12:32:11 IST 2026","com.l2b.vendor.modules.settings.presentation.tests.ProfileDrawerInteractTest","ProfileDrawer-Interact","com.l2b.vendor.modules.settings.presentation.tests.ProfileDrawerInteractTest","logOutDialogChromeThenCancel"
"Background mid-Accept; foreground must not double-commit.","39915","RB-E13: Background and foreground during an Accept","L2B RB-E13","Thu Sep 24 12:41:44 IST 2026","failed","Thu Sep 24 12:42:24 IST 2026","com.l2b.vendor.modules.bookings.presentation.tests.rentalbooking.RentalBookingEdgeTest","RB-E13","com.l2b.vendor.modules.bookings.presentation.tests.rentalbooking.RentalBookingEdgeTest","backgroundDuringAccept"
"From September, Next month → October (dump 08).","42596","CA-I2: Next month → October","L2B Vendor Calendar CA-I2","Mon Sep 28 11:02:03 IST 2026","passed","Mon Sep 28 11:02:46 IST 2026","com.l2b.vendor.modules.calendar.presentation.tests.CalendarInteractTest","CA-I2","com.l2b.vendor.modules.calendar.presentation.tests.CalendarInteractTest","nextMonth"
"Second dump card location is long (RMV 2nd Stage…). App must stay on Quick Booking with Accept still visible. Do not tap Accept/Decline.","21983","Landing-12: Long location text does not break the card","L2B Vendor Quick Booking landing — rental owner 9000000001","Fri Sep 18 15:37:13 IST 2026","passed","Fri Sep 18 15:37:35 IST 2026","com.l2b.vendor.modules.quickbooking.presentation.tests.QuickBookingLandingTest","Quick Booking landing","com.l2b.vendor.modules.quickbooking.presentation.tests.QuickBookingLandingTest","longMachineAndLocationTextDoNotCrash"
"","17476","HS-L17: Ticket Details chrome from history","L2B Vendor Help functional extras","Thu Oct 01 12:17:38 IST 2026","passed","Thu Oct 01 12:17:56 IST 2026","com.l2b.vendor.modules.help.presentation.tests.HelpLandingTest","Help-Landing-Extra","com.l2b.vendor.modules.help.presentation.tests.HelpLandingTest","ticketDetailsChrome"
"All three Upload * rows visible. Tap RC — if a system picker opens, Back dismisses and form remains. Documents are required for real Submit.","18144","FL-E7: Upload RC / Insurance / TPI rows are present and tappable","L2B Vendor Fleet edge FL-E7","Fri Sep 25 13:19:56 IST 2026","passed","Fri Sep 25 13:20:14 IST 2026","com.l2b.vendor.modules.fleet.presentation.tests.FleetEdgeTest","FL-E7","com.l2b.vendor.modules.fleet.presentation.tests.FleetEdgeTest","uploadRowsPresentAndTappable"
"Fleet → Home tab → Rental Home (same as Back path).","12438","FL-I8: Home bottom tab from Fleet returns to Home","L2B Vendor Fleet interact FL-I8","Fri Sep 25 12:46:21 IST 2026","passed","Fri Sep 25 12:46:33 IST 2026","com.l2b.vendor.modules.fleet.presentation.tests.FleetInteractTest","FL-I8","com.l2b.vendor.modules.fleet.presentation.tests.FleetInteractTest","homeTabFromFleetReturnsHome"
"","13469","HS-L4: Live chat CTA","L2B Vendor Help and Support ALL","Thu Oct 01 11:38:02 IST 2026","passed","Thu Oct 01 11:38:15 IST 2026","com.l2b.vendor.modules.help.presentation.tests.HelpLandingTest","Help-Landing","com.l2b.vendor.modules.help.presentation.tests.HelpLandingTest","liveChatCtaVisible"
"","16413","RH-E9: rapid Home / Earning / Home tab switches","L2B RH-E9","Tue Sep 22 12:37:53 IST 2026","passed","Tue Sep 22 12:38:10 IST 2026","com.l2b.vendor.modules.home.presentation.tests.RentalHomeEdgeTest","RH-E9 rapid tabs","com.l2b.vendor.modules.home.presentation.tests.RentalHomeEdgeTest","rapidTabSwitch"
"One authenticated Appium session. Never logout between modules. Re-tests BUGS_FOUND #40–#46 as separate validations.","157688","LR-E2E: one login → Hindi → all modules → persist → relaunch","L2B Vendor Language reflection E2E","Thu Oct 01 17:04:22 IST 2026","failed","Thu Oct 01 17:07:00 IST 2026","com.l2b.vendor.modules.settings.presentation.tests.LanguageReflectionE2ETest","Language-Reflection-E2E","com.l2b.vendor.modules.settings.presentation.tests.LanguageReflectionE2ETest","hindiReflectionOneSessionJourney"
"September dump shows days 1–30 in grid band.","48097","CA-L5: month grid has day cells","L2B Vendor Calendar CA-L5","Mon Sep 28 10:50:29 IST 2026","passed","Mon Sep 28 10:51:17 IST 2026","com.l2b.vendor.modules.calendar.presentation.tests.CalendarLandingTest","CA-L5","com.l2b.vendor.modules.calendar.presentation.tests.CalendarLandingTest","monthGridHasDays"
"HOME ~3s, return. Must stay on Home or Quick Booking, no crash. Do not tap Accept/Decline.","13642","Material-Edge-5: Background then foreground keeps the landing","L2B Vendor Material Quick Booking edges 9000000017","Sat Sep 19 16:41:37 IST 2026","passed","Sat Sep 19 16:41:50 IST 2026","com.l2b.vendor.modules.quickbooking.presentation.tests.MaterialQuickBookingEdgeCasesTest","Material Quick Booking edges","com.l2b.vendor.modules.quickbooking.presentation.tests.MaterialQuickBookingEdgeCasesTest","backgroundThenForegroundKeepsLanding"
"Open concern dropdown only — never Submit.","14991","HS-I8: Ticket Concern on Raise Ticket → Back (no Submit)","L2B Vendor Help and Support ALL","Thu Oct 01 11:45:18 IST 2026","passed","Thu Oct 01 11:45:33 IST 2026","com.l2b.vendor.modules.help.presentation.tests.HelpInteractTest","Help-Interact","com.l2b.vendor.modules.help.presentation.tests.HelpInteractTest","raiseTicketConcernThenBack"
"","15817","HS-E14: history chrome survives reopen","L2B Vendor Help and Support ALL","Thu Oct 01 11:54:16 IST 2026","passed","Thu Oct 01 11:54:32 IST 2026","com.l2b.vendor.modules.help.presentation.tests.HelpEdgeTest","Help-Edge","com.l2b.vendor.modules.help.presentation.tests.HelpEdgeTest","historyChromeSurvivesReopen"
"","16019","HS-E17: concern options soft count","L2B Vendor Help functional extras","Thu Oct 01 12:23:11 IST 2026","passed","Thu Oct 01 12:23:27 IST 2026","com.l2b.vendor.modules.help.presentation.tests.HelpEdgeTest","Help-Edge-Extra","com.l2b.vendor.modules.help.presentation.tests.HelpEdgeTest","concernOptionsSoftCount"
"","11993","LS-E16: no Accept/Decline on Language path","L2B Vendor Language settings ALL","Thu Oct 01 15:59:43 IST 2026","passed","Thu Oct 01 15:59:55 IST 2026","com.l2b.vendor.modules.settings.presentation.tests.LanguageSettingsEdgeTest","LanguageSettings-Edge","com.l2b.vendor.modules.settings.presentation.tests.LanguageSettingsEdgeTest","noAcceptDecline"
"Dump 06. Never tap Save Changes — Cancel only.","14464","AC-L12: Update mode chrome (Cancel + Save Changes)","L2B Vendor Account ALL","Tue Sep 29 13:50:41 IST 2026","passed","Tue Sep 29 13:50:56 IST 2026","com.l2b.vendor.modules.settings.presentation.tests.AccountLandingTest","Account-Landing","com.l2b.vendor.modules.settings.presentation.tests.AccountLandingTest","updateModeChrome"
"","35439","NT-E3: See all then device Back","L2B Vendor Notifications NT-E3","Mon Sep 28 12:32:21 IST 2026","passed","Mon Sep 28 12:32:56 IST 2026","com.l2b.vendor.modules.notifications.presentation.tests.NotificationsEdgeTest","NT-E3","com.l2b.vendor.modules.notifications.presentation.tests.NotificationsEdgeTest","seeAllDeviceBack"
"Profile → Your machines reaches Your Fleet. Dump 25 Sep 04-drawer-your-machines.","11684","FL-L4: drawer Your machines opens the same Fleet list","L2B Vendor Fleet landing l4","Fri Sep 25 12:37:33 IST 2026","passed","Fri Sep 25 12:37:45 IST 2026","com.l2b.vendor.modules.fleet.presentation.tests.FleetLandingTest","l4","com.l2b.vendor.modules.fleet.presentation.tests.FleetLandingTest","drawerYourMachinesOpensFleet"
"If login is Quick Booking (empty or leftover card), Close must reach Home. Skip if post-consume login is already Home. Do not tap Accept/Decline.","9192","Material-Edge-2: Close from Quick Booking goes to Home","L2B Vendor Material Quick Booking edges 9000000017","Sat Sep 19 16:38:21 IST 2026","skipped","Sat Sep 19 16:38:30 IST 2026","com.l2b.vendor.modules.quickbooking.presentation.tests.MaterialQuickBookingEdgeCasesTest","Material Quick Booking edges","com.l2b.vendor.modules.quickbooking.presentation.tests.MaterialQuickBookingEdgeCasesTest","closeGoesToHome"
"","31244","CA-I10: Fleet tab from Calendar","L2B Vendor Calendar CA-I10","Mon Sep 28 11:11:29 IST 2026","passed","Mon Sep 28 11:12:00 IST 2026","com.l2b.vendor.modules.calendar.presentation.tests.CalendarInteractTest","CA-I10","com.l2b.vendor.modules.calendar.presentation.tests.CalendarInteractTest","fleetTabFromCalendar"
"","2","setUp","L2B RH-L16","Tue Sep 22 12:52:07 IST 2026","broken","Tue Sep 22 12:52:07 IST 2026","com.l2b.vendor.modules.home.presentation.tests.RentalHomeLandingTest","RH-L16 h-swipe","com.l2b.vendor.modules.home.presentation.tests.RentalHomeLandingTest","setUp"
"pressDigitKeys 0123. If still on OTP, field must be 0123 not 123. Record landing.","8672","Case 4: Leading-zero OTP digits are kept, not dropped","L2B Vendor","Thu Sep 17 16:40:05 IST 2026","passed","Thu Sep 17 16:40:13 IST 2026","com.l2b.vendor.modules.onboarding.presentation.tests.OTPScreenTest","09 OTP screen edges","com.l2b.vendor.modules.onboarding.presentation.tests.OTPScreenTest","leadingZeroOtpDigitsKept"
"","22200","probeOrderId","Help OrderId probe","Thu Oct 01 12:12:54 IST 2026","passed","Thu Oct 01 12:13:16 IST 2026","com.l2b.vendor.modules.help.presentation.tests.HelpOrderIdProbe","probe","com.l2b.vendor.modules.help.presentation.tests.HelpOrderIdProbe","probeOrderId"
"Push intentional fake JPGs (testdata/fleet-fake-docs). Upload all three required docs + Submit. Expected: reject invalid documents. If plate appears on Fleet → bug.","119161","FL-E17: fake RC/Insurance/TPI uploads must not create machine","L2B Vendor Fleet edge FL-E17","Fri Sep 25 15:30:42 IST 2026","broken","Fri Sep 25 15:32:41 IST 2026","com.l2b.vendor.modules.fleet.presentation.tests.FleetEdgeTest","FL-E17","com.l2b.vendor.modules.fleet.presentation.tests.FleetEdgeTest","fakeDocumentsMustNotCreateMachine"
"","42043","PD-I1: device Back closes drawer → Home","L2B Vendor Profile drawer ALL","Tue Sep 29 12:25:25 IST 2026","passed","Tue Sep 29 12:26:07 IST 2026","com.l2b.vendor.modules.settings.presentation.tests.ProfileDrawerInteractTest","ProfileDrawer-Interact","com.l2b.vendor.modules.settings.presentation.tests.ProfileDrawerInteractTest","deviceBackClosesDrawer"
"","67674","RH-I7: Upcoming See all → Bookings list","L2B RH-I7","Tue Sep 22 12:17:58 IST 2026","passed","Tue Sep 22 12:19:06 IST 2026","com.l2b.vendor.modules.home.presentation.tests.RentalHomeInteractTest","RH-I7 upcoming see all","com.l2b.vendor.modules.home.presentation.tests.RentalHomeInteractTest","upcomingSeeAll"
"Covered by RentalBookingLifecycleApiTest.","0","RB-A6 — covered by lifecycle","L2B RB-A4","Wed Sep 23 16:44:14 IST 2026","unknown","Wed Sep 23 16:44:14 IST 2026","com.l2b.vendor.modules.bookings.presentation.tests.rentalbooking.RentalBookingApiTest","RB-A4 detailMatchesCard","com.l2b.vendor.modules.bookings.presentation.tests.rentalbooking.RentalBookingApiTest","secondAcceptIsSafe"
"Full form enablement. Never Submit ticket.","19493","HS-I16: Raise concern+desc+booking → Submit enables (never Submit)","L2B Vendor Help functional extras","Thu Oct 01 12:20:09 IST 2026","passed","Thu Oct 01 12:20:29 IST 2026","com.l2b.vendor.modules.help.presentation.tests.HelpInteractTest","Help-Interact-Extra","com.l2b.vendor.modules.help.presentation.tests.HelpInteractTest","raiseFullFormEnablesSubmit"
"","32516","AC-I6: reopen Account after Back","L2B Vendor Account ALL","Tue Sep 29 13:55:20 IST 2026","passed","Tue Sep 29 13:55:52 IST 2026","com.l2b.vendor.modules.settings.presentation.tests.AccountInteractTest","Account-Interact","com.l2b.vendor.modules.settings.presentation.tests.AccountInteractTest","reopenAfterBack"
"","18825","HS-L14: eleven Ticket Concern options","L2B Vendor Help functional extras","Thu Oct 01 12:16:05 IST 2026","passed","Thu Oct 01 12:16:24 IST 2026","com.l2b.vendor.modules.help.presentation.tests.HelpLandingTest","Help-Landing-Extra","com.l2b.vendor.modules.help.presentation.tests.HelpLandingTest","elevenConcernOptions"
"Type 0000 (4-digit field). Tap Continue if enabled. Record landing, error copy, and RestAssured POST /api/v1/auth/verify-otp for the same phone+0000.","9342","Case 8: Wrong OTP 0000 — error on OTP, not Home","L2B Vendor","Thu Sep 17 16:40:54 IST 2026","passed","Thu Sep 17 16:41:04 IST 2026","com.l2b.vendor.modules.onboarding.presentation.tests.OTPScreenTest","09 OTP screen edges","com.l2b.vendor.modules.onboarding.presentation.tests.OTPScreenTest","wrongOtpShowsErrorNotSuccess"
"","40094","AC-E12: no Accept/Decline from Account path","L2B Vendor Account ALL","Tue Sep 29 14:19:12 IST 2026","passed","Tue Sep 29 14:19:52 IST 2026","com.l2b.vendor.modules.settings.presentation.tests.AccountEdgeTest","Account-Edge","com.l2b.vendor.modules.settings.presentation.tests.AccountEdgeTest","noAcceptDeclineFromAccount"
"Device Back from Your Fleet — expect Home (or stay Fleet). Launcher is a bug candidate (#25 family) if it drops out of Vendor.","16725","FL-E15: device Back on Your Fleet stays in Vendor or Home","L2B Vendor Fleet edge FL-E15","Fri Sep 25 13:41:26 IST 2026","passed","Fri Sep 25 13:41:43 IST 2026","com.l2b.vendor.modules.fleet.presentation.tests.FleetEdgeTest","FL-E15","com.l2b.vendor.modules.fleet.presentation.tests.FleetEdgeTest","backOnFleetStaysInVendor"
"Same-token snapshot: list rows vs /api/v1/rentals/vendor/dashboard stats. Dashboard upcoming/completed are period-scoped (scheduled_start in period). Home Upcoming Booking tile reads the same dashboard.upcoming value (RB-L14). A period-filtered list count that disagrees with dashboard is a data bug. /stats returning empty is recorded; UI LazyColumn undercount stays a separate watch vs RB-L14.","2224","RB-A3: list counts agree with dashboard (and Home tile)","L2B RB-A3","Wed Sep 23 15:52:06 IST 2026","passed","Wed Sep 23 15:52:08 IST 2026","com.l2b.vendor.modules.bookings.data.api.RentalBookingApiGapTest","RB-A3 countsAgreeAcrossSurfaces","com.l2b.vendor.modules.bookings.data.api.RentalBookingApiGapTest","countsAgreeAcrossSurfaces"
"Dump 04: Note + fee / support bullets on Withdraw Money.","35844","EA-I14: Withdraw form note bullets visible","L2B Vendor Earning EA-I14","Sat Sep 26 13:17:22 IST 2026","passed","Sat Sep 26 13:17:58 IST 2026","com.l2b.vendor.modules.earning.presentation.tests.EarningInteractTest","EA-I14","com.l2b.vendor.modules.earning.presentation.tests.EarningInteractTest","withdrawFormNotesVisible"
"9000000001 on Quick Booking. Device Back. Observed: launcher (BUGS_FOUND #13).","42244","0001-3: Back — named landing, no crash","L2B Vendor Quick Booking — rental company 9000000001","Fri Sep 18 13:00:51 IST 2026","passed","Fri Sep 18 13:01:33 IST 2026","com.l2b.vendor.modules.bookings.presentation.tests.quickbooking.RentalCompanyQuickBookingTest","Rental company Quick Booking","com.l2b.vendor.modules.bookings.presentation.tests.quickbooking.RentalCompanyQuickBookingTest","backNamedLanding"
"Rotate to landscape on Quick Booking. Record whether title/Close/Accept survive. Restore portrait. Do not tap Accept/Decline.","42986","0001-8: Rotation keeps Quick Booking chrome","L2B Vendor Quick Booking — rental company 9000000001","Fri Sep 18 14:44:51 IST 2026","passed","Fri Sep 18 14:45:34 IST 2026","com.l2b.vendor.modules.bookings.presentation.tests.quickbooking.RentalCompanyQuickBookingTest","Rental company Quick Booking","com.l2b.vendor.modules.bookings.presentation.tests.quickbooking.RentalCompanyQuickBookingTest","rotationKeepsQuickBookingChrome"
"","32789","AC-E3: layout publish checks","L2B Vendor Account ALL","Tue Sep 29 14:09:46 IST 2026","passed","Tue Sep 29 14:10:19 IST 2026","com.l2b.vendor.modules.settings.presentation.tests.AccountEdgeTest","Account-Edge","com.l2b.vendor.modules.settings.presentation.tests.AccountEdgeTest","layoutPublishChecks"
"","15177","PD-E11: package stays Vendor through open+logout-cancel+close","L2B Vendor Profile drawer ALL","Tue Sep 29 12:49:42 IST 2026","passed","Tue Sep 29 12:49:57 IST 2026","com.l2b.vendor.modules.settings.presentation.tests.ProfileDrawerEdgeTest","ProfileDrawer-Edge","com.l2b.vendor.modules.settings.presentation.tests.ProfileDrawerEdgeTest","packageStaysVendorThroughChrome"
"","16301","HS-E9: package Vendor through full probe chain","L2B Vendor Help and Support ALL","Thu Oct 01 11:51:52 IST 2026","passed","Thu Oct 01 11:52:08 IST 2026","com.l2b.vendor.modules.help.presentation.tests.HelpEdgeTest","Help-Edge","com.l2b.vendor.modules.help.presentation.tests.HelpEdgeTest","packageVendorThroughProbes"
"9000000001 login to Quick Booking, terminateApp + activateApp without pm clear. Must return to Quick Booking, not Language.","44772","0001-4: Session persists on Quick Booking after relaunch","L2B Vendor Quick Booking — rental company 9000000001","Fri Sep 18 13:02:01 IST 2026","passed","Fri Sep 18 13:02:46 IST 2026","com.l2b.vendor.modules.bookings.presentation.tests.quickbooking.RentalCompanyQuickBookingTest","Rental company Quick Booking","com.l2b.vendor.modules.bookings.presentation.tests.quickbooking.RentalCompanyQuickBookingTest","sessionPersistsOnQuickBooking"
"","39263","AC-E14: Profile Info heading survives photo Close","L2B Vendor Account ALL","Tue Sep 29 14:21:14 IST 2026","passed","Tue Sep 29 14:21:54 IST 2026","com.l2b.vendor.modules.settings.presentation.tests.AccountEdgeTest","Account-Edge","com.l2b.vendor.modules.settings.presentation.tests.AccountEdgeTest","profileInfoSurvivesPhoto"
"Expand first card. Second card stays collapsed (10 Sep + View More). Do not tap Accept/Decline.","9700","Material-Landing-6: expand does not change the other card","L2B Vendor Material Quick Booking landing 9000000017","Sat Sep 19 15:32:38 IST 2026","passed","Sat Sep 19 15:32:47 IST 2026","com.l2b.vendor.modules.quickbooking.presentation.tests.MaterialQuickBookingLandingTest","Material Quick Booking landing","com.l2b.vendor.modules.quickbooking.presentation.tests.MaterialQuickBookingLandingTest","expandDoesNotChangeOtherCard"
"","15302","LS-E13: Hindi → Settings reflects","L2B Vendor Language settings ALL","Thu Oct 01 15:57:58 IST 2026","passed","Thu Oct 01 15:58:14 IST 2026","com.l2b.vendor.modules.settings.presentation.tests.LanguageSettingsEdgeTest","LanguageSettings-Edge","com.l2b.vendor.modules.settings.presentation.tests.LanguageSettingsEdgeTest","hindiSettingsReflects"
"","16055","NT-E14: package stays Vendor through tab+scroll+back","L2B Vendor Notifications NT-E14","Mon Sep 28 12:43:46 IST 2026","passed","Mon Sep 28 12:44:03 IST 2026","com.l2b.vendor.modules.notifications.presentation.tests.NotificationsEdgeTest","NT-E14","com.l2b.vendor.modules.notifications.presentation.tests.NotificationsEdgeTest","packageStaysVendorThroughJourney"
"Double/triple Confirm on Assign after operator pick — one assignment only.","45018","RB-E20: Rapid Confirm taps on Assign produce one assignment","L2B RB-E20","Thu Sep 24 13:02:48 IST 2026","passed","Thu Sep 24 13:03:33 IST 2026","com.l2b.vendor.modules.bookings.presentation.tests.rentalbooking.RentalBookingEdgeTest","RB-E20 rapidAssignConfirmOnce","com.l2b.vendor.modules.bookings.presentation.tests.rentalbooking.RentalBookingEdgeTest","rapidAssignConfirmOnce"
"Read Timer, swipe, Timer must still be mm:ss on Quick Booking. Do not tap Accept/Decline.","14697","Landing-15: Timer stays consistent while scrolling","L2B Vendor Quick Booking landing — rental owner 9000000001","Fri Sep 18 15:41:52 IST 2026","passed","Fri Sep 18 15:42:06 IST 2026","com.l2b.vendor.modules.quickbooking.presentation.tests.QuickBookingLandingTest","Quick Booking landing","com.l2b.vendor.modules.quickbooking.presentation.tests.QuickBookingLandingTest","timerStaysVisibleWhileScrolling"
"","38620","PD-E3: Log Out Cancel twice idempotent","L2B Vendor Profile drawer ALL","Tue Sep 29 12:43:07 IST 2026","passed","Tue Sep 29 12:43:46 IST 2026","com.l2b.vendor.modules.settings.presentation.tests.ProfileDrawerEdgeTest","ProfileDrawer-Edge","com.l2b.vendor.modules.settings.presentation.tests.ProfileDrawerEdgeTest","logOutCancelTwice"
"","14006","CA-I13: re-open Calendar after Back","L2B Vendor Calendar CA-I13","Mon Sep 28 11:14:10 IST 2026","passed","Mon Sep 28 11:14:24 IST 2026","com.l2b.vendor.modules.calendar.presentation.tests.CalendarInteractTest","CA-I13","com.l2b.vendor.modules.calendar.presentation.tests.CalendarInteractTest","reopenAfterBack"
"Expand the first card. Second card must stay collapsed (large amount still visible, only one View Less). View More on the second card may be below the fold. Do not tap Accept/Decline.","14735","Landing-8: Expand/collapse does not change other cards","L2B Vendor Quick Booking landing — rental owner 9000000001","Fri Sep 18 15:43:55 IST 2026","passed","Fri Sep 18 15:44:10 IST 2026","com.l2b.vendor.modules.quickbooking.presentation.tests.QuickBookingLandingTest","Quick Booking landing","com.l2b.vendor.modules.quickbooking.presentation.tests.QuickBookingLandingTest","expandCollapseDoesNotChangeOtherCards"
"","11010","HS-L9: stay Vendor package","L2B Vendor Help and Support ALL","Thu Oct 01 11:40:05 IST 2026","passed","Thu Oct 01 11:40:16 IST 2026","com.l2b.vendor.modules.help.presentation.tests.HelpLandingTest","Help-Landing","com.l2b.vendor.modules.help.presentation.tests.HelpLandingTest","staysVendorPackage"
"Dump 01: Earning & Incentive + Help + content-desc Back.","44649","EA-L2: title + Help + Back chrome","L2B Vendor Earning EA-L2","Sat Sep 26 12:50:59 IST 2026","passed","Sat Sep 26 12:51:44 IST 2026","com.l2b.vendor.modules.earning.presentation.tests.EarningLandingTest","EA-L2","com.l2b.vendor.modules.earning.presentation.tests.EarningLandingTest","titleHelpBackChrome"
"Tap Decline then Accept on the same card with no wait. The booking ends in exactly one terminal state and the UI agrees with the backend. A booking that is both accepted and declined is a data-integrity defect.","43714","RB-E3: Accept and Decline in the same instant resolve to one outcome","L2B RB-E3","Thu Sep 24 12:16:22 IST 2026","failed","Thu Sep 24 12:17:06 IST 2026","com.l2b.vendor.modules.bookings.presentation.tests.rentalbooking.RentalBookingEdgeTest","RB-E3 acceptAndDeclineRace","com.l2b.vendor.modules.bookings.presentation.tests.rentalbooking.RentalBookingEdgeTest","acceptAndDeclineRace"
"","18521","HS-E21: device Back from Your Bookings sheet","L2B Vendor Help functional extras","Thu Oct 01 12:25:06 IST 2026","passed","Thu Oct 01 12:25:25 IST 2026","com.l2b.vendor.modules.help.presentation.tests.HelpEdgeTest","Help-Edge-Extra","com.l2b.vendor.modules.help.presentation.tests.HelpEdgeTest","deviceBackFromBookingsSheet"
"9000000001 after one Close. Dump 21 Sep 01-after-close: dismissable=false, three clickables (View More Details, Decline, Accept), no Close/X/Not now. Home chrome is not in the tree. BUGS_FOUND #15. Do not tap those three.","14884","RH-L3: extend-time fully blocks Home a11y — dump inventory, no consume","L2B Vendor Rental Home RH-L1 to RH-L3 9000000001","Mon Sep 21 11:30:12 IST 2026","passed","Mon Sep 21 11:30:27 IST 2026","com.l2b.vendor.modules.home.presentation.tests.RentalHomeLandingTest","Rental Home overlay RH-L1 RH-L2 RH-L3","com.l2b.vendor.modules.home.presentation.tests.RentalHomeLandingTest","extendTimeFullyBlocksHome"
"","13115","HS-I3: Ticket history → Back → Help","L2B Vendor Help and Support ALL","Thu Oct 01 11:43:07 IST 2026","passed","Thu Oct 01 11:43:20 IST 2026","com.l2b.vendor.modules.help.presentation.tests.HelpInteractTest","Help-Interact","com.l2b.vendor.modules.help.presentation.tests.HelpInteractTest","ticketHistoryBackToHelp"
"Type 01, terminateApp + activateApp without pm clear. Record landing. Expected reset: language / carousel / empty Sign up, not a filled OTP.","12038","Case 19: Force-kill + relaunch mid-entry — expected reset","L2B Vendor","Thu Sep 17 16:48:44 IST 2026","passed","Thu Sep 17 16:48:56 IST 2026","com.l2b.vendor.modules.onboarding.presentation.tests.OTPScreenTest","09 OTP screen edges","com.l2b.vendor.modules.onboarding.presentation.tests.OTPScreenTest","forceKillRelaunchMidEntryResets"
"Valid number, tap terms (Get OTP enables), tap terms again (must disable). CheckBox checked attr is unreliable on this dump — enablement is the evidence.","16599","Case 16: Check then uncheck terms disables Get OTP again","L2B Vendor","Thu Sep 17 16:36:01 IST 2026","passed","Thu Sep 17 16:36:18 IST 2026","com.l2b.vendor.modules.onboarding.presentation.tests.SignUpTest","08 Sign up screen edges","com.l2b.vendor.modules.onboarding.presentation.tests.SignUpTest","uncheckTermsDisablesGetOtpAgain"
"BUGS_FOUND #43: Terms body remains English.","14821","LS-E11: Hindi → Terms still EN (#43)","L2B Vendor Language settings failed rerun","Thu Oct 01 16:10:16 IST 2026","passed","Thu Oct 01 16:10:31 IST 2026","com.l2b.vendor.modules.settings.presentation.tests.LanguageSettingsEdgeTest","Language-Failed-Rerun","com.l2b.vendor.modules.settings.presentation.tests.LanguageSettingsEdgeTest","hindiTermsStillEnglishBug43"
"List #36. Blocked on 0001 while pending jobs exist. Not 0003.","5","Edge-9: Empty/null queue does not crash","L2B Vendor Quick Booking edges — rental owner 9000000001","Fri Sep 18 16:34:33 IST 2026","skipped","Fri Sep 18 16:34:33 IST 2026","com.l2b.vendor.modules.quickbooking.presentation.tests.QuickBookingEdgeCasesTest","Quick Booking edge cases","com.l2b.vendor.modules.quickbooking.presentation.tests.QuickBookingEdgeCasesTest","emptyOrNullQueueDoesNotCrash"
"","14426","HS-E10: device Back from Live chat safe","L2B Vendor Help and Support ALL","Thu Oct 01 11:52:24 IST 2026","passed","Thu Oct 01 11:52:38 IST 2026","com.l2b.vendor.modules.help.presentation.tests.HelpEdgeTest","Help-Edge","com.l2b.vendor.modules.help.presentation.tests.HelpEdgeTest","deviceBackFromLiveChat"
"","103409","reflectHindiAcrossModules","L2B Vendor Language Hindi reflection dump","Thu Oct 01 15:28:10 IST 2026","passed","Thu Oct 01 15:29:54 IST 2026","com.l2b.vendor.modules.settings.presentation.tests.LanguageHindiReflectionDump","Language-Hindi-Reflect","com.l2b.vendor.modules.settings.presentation.tests.LanguageHindiReflectionDump","reflectHindiAcrossModules"
"","37428","NT-I11: scroll All keeps chrome","L2B Vendor Notifications NT-I11","Mon Sep 28 12:26:32 IST 2026","passed","Mon Sep 28 12:27:10 IST 2026","com.l2b.vendor.modules.notifications.presentation.tests.NotificationsInteractTest","NT-I11","com.l2b.vendor.modules.notifications.presentation.tests.NotificationsInteractTest","scrollAllKeepsChrome"
"Withdraw form → device Back → Earning (not launcher).","57454","EA-E12: device Back on Withdraw form → Earning","L2B Vendor Earning EA-E12","Sat Sep 26 13:27:51 IST 2026","passed","Sat Sep 26 13:28:48 IST 2026","com.l2b.vendor.modules.earning.presentation.tests.EarningEdgeTest","EA-E12","com.l2b.vendor.modules.earning.presentation.tests.EarningEdgeTest","backOnWithdrawFormNotLauncher"
"","46369","AC-I11: double Edit Cancel idempotent","L2B Vendor Account ALL","Tue Sep 29 14:03:14 IST 2026","passed","Tue Sep 29 14:04:00 IST 2026","com.l2b.vendor.modules.settings.presentation.tests.AccountInteractTest","Account-Interact","com.l2b.vendor.modules.settings.presentation.tests.AccountInteractTest","doubleEditCancel"
"Dump lesson: x=80 hit Account. Scrim is RIGHT. Left edge is drawer body.","37243","PD-E6: left-edge tap must not open Account","L2B Vendor Profile drawer ALL","Tue Sep 29 11:51:23 IST 2026","passed","Tue Sep 29 11:52:01 IST 2026","com.l2b.vendor.modules.settings.presentation.tests.ProfileDrawerEdgeTest","ProfileDrawer-Edge","com.l2b.vendor.modules.settings.presentation.tests.ProfileDrawerEdgeTest","leftEdgeIsDrawerNotScrim"
"","42112","CA-I8: Home tab from Calendar","L2B Vendor Calendar CA-I8","Mon Sep 28 11:09:02 IST 2026","passed","Mon Sep 28 11:09:44 IST 2026","com.l2b.vendor.modules.calendar.presentation.tests.CalendarInteractTest","CA-I8","com.l2b.vendor.modules.calendar.presentation.tests.CalendarInteractTest","homeTabFromCalendar"
"Dump-sourced: Hindi tap localizes this screen to 'L2B में आपका स्वागत है'. English title must go away. CheckBox checked is not relied on (all false in dumps).","7911","Case 2a: Selecting Hindi deselects English","L2B Vendor","Thu Sep 24 10:47:48 IST 2026","passed","Thu Sep 24 10:47:56 IST 2026","com.l2b.vendor.modules.onboarding.presentation.tests.LanguageScreenTest","00b Language screen edges","com.l2b.vendor.modules.onboarding.presentation.tests.LanguageScreenTest","selectingHindiDeselectsEnglish"
"Dump 01: 6/10 → 60%. Assert round(100*n/d) == percent when parseable.","13012","EA-E7: progress fraction matches percent","L2B Vendor Earning EA-E7","Sat Sep 26 13:22:58 IST 2026","passed","Sat Sep 26 13:23:11 IST 2026","com.l2b.vendor.modules.earning.presentation.tests.EarningEdgeTest","EA-E7","com.l2b.vendor.modules.earning.presentation.tests.EarningEdgeTest","progressFractionMatchesPercent"
"Happy path: Next → Get started → Sign up. Does not send OTP.","5055","Case 4: Get started on slide 2 opens Sign up","L2B Vendor","Wed Sep 23 11:15:39 IST 2026","passed","Wed Sep 23 11:15:45 IST 2026","com.l2b.vendor.modules.onboarding.presentation.tests.OnboardingCarouselTest","07 Onboarding carousel edges","com.l2b.vendor.modules.onboarding.presentation.tests.OnboardingCarouselTest","getStartedOnSlideTwoGoesToSignUp"
"Lifecycle covers removal; reason-store strengthen deferred.","0","RB-A7 — partial in lifecycle","L2B RB-A4","Wed Sep 23 16:44:14 IST 2026","unknown","Wed Sep 23 16:44:14 IST 2026","com.l2b.vendor.modules.bookings.presentation.tests.rentalbooking.RentalBookingApiTest","RB-A4 detailMatchesCard","com.l2b.vendor.modules.bookings.presentation.tests.rentalbooking.RentalBookingApiTest","declinePersistsReason"
"Dump-0 label is not clickable; try tap. Record stay vs navigate. No Earning deep-test.","10045","H-I2: tap Current Earning label area — document destination","L2B Vendor Home interact 9000000017","Mon Sep 21 10:09:52 IST 2026","passed","Mon Sep 21 10:10:02 IST 2026","com.l2b.vendor.modules.home.presentation.tests.HomeInteractTest","Home interact one case","com.l2b.vendor.modules.home.presentation.tests.HomeInteractTest","tapCurrentEarningTile"
"Tap Calendar tab. Expect classify=calendar, Schedule title, bottom tabs.","40566","CA-L1: bottom Calendar → Schedule","L2B Vendor Calendar CA-L1","Mon Sep 28 10:43:32 IST 2026","passed","Mon Sep 28 10:44:12 IST 2026","com.l2b.vendor.modules.calendar.presentation.tests.CalendarLandingTest","CA-L1","com.l2b.vendor.modules.calendar.presentation.tests.CalendarLandingTest","bottomTabOpensSchedule"
"Wait for Resend OTP button, logcat -c, tap once. Count resend-otp / send-otp in logcat.","69050","Case 13: Resend tap fires resend-otp (logcat)","L2B Vendor","Thu Sep 17 16:43:56 IST 2026","passed","Thu Sep 17 16:45:05 IST 2026","com.l2b.vendor.modules.onboarding.presentation.tests.OTPScreenTest","09 OTP screen edges","com.l2b.vendor.modules.onboarding.presentation.tests.OTPScreenTest","resendTapFiresRequest"
"BUGS_FOUND #46: Policies mixed Hindi/English.","13107","LS-E12: Hindi → Policies partial (#46)","L2B Vendor Language settings failed rerun","Thu Oct 01 16:10:51 IST 2026","passed","Thu Oct 01 16:11:04 IST 2026","com.l2b.vendor.modules.settings.presentation.tests.LanguageSettingsEdgeTest","Language-Failed-Rerun","com.l2b.vendor.modules.settings.presentation.tests.LanguageSettingsEdgeTest","hindiPoliciesPartialBug46"
"9000000017 on Quick Booking. Device Back. Record landing. Observed: launcher (BUGS_FOUND #13). Do not tap Accept/Decline.","12266","Case 7: Material Quick Booking Back — named landing, no crash","L2B Vendor Quick Booking","Fri Sep 18 12:31:47 IST 2026","passed","Fri Sep 18 12:32:00 IST 2026","com.l2b.vendor.modules.bookings.presentation.tests.QuickBookingTest","Quick Booking isolated","com.l2b.vendor.modules.bookings.presentation.tests.QuickBookingTest","materialBackGoesToHome"
"","14189","RH-I3: Active Fleet See all → Fleet (no machine deep-test)","L2B RH-I3","Tue Sep 22 12:14:13 IST 2026","passed","Tue Sep 22 12:14:27 IST 2026","com.l2b.vendor.modules.home.presentation.tests.RentalHomeInteractTest","RH-I3 fleet see all","com.l2b.vendor.modules.home.presentation.tests.RentalHomeInteractTest","activeFleetSeeAll"
"Dump 01: FIRST + 6/10 + 60% (values may change).","35872","EA-L4: bonus FIRST + progress fraction + percent","L2B Vendor Earning EA-L4","Sat Sep 26 12:53:28 IST 2026","passed","Sat Sep 26 12:54:04 IST 2026","com.l2b.vendor.modules.earning.presentation.tests.EarningLandingTest","EA-L4","com.l2b.vendor.modules.earning.presentation.tests.EarningLandingTest","bonusProgressChrome"
"","46242","NT-E5: bottom tabs stay absent after All","L2B Vendor Notifications NT-E5","Mon Sep 28 12:35:07 IST 2026","passed","Mon Sep 28 12:35:53 IST 2026","com.l2b.vendor.modules.notifications.presentation.tests.NotificationsEdgeTest","NT-E5","com.l2b.vendor.modules.notifications.presentation.tests.NotificationsEdgeTest","bottomTabsStayAbsentOnAll"
"Press device Back on the Bookings list. Expect Home, same as RB-I9. Landing on the Android launcher is a new Bookings bug — do not fold into #13 (Quick Booking) or #25 (Rental Home).","50831","RB-I10: device Back matches header Back and does not exit the app","L2B RB-I10","Wed Sep 23 17:37:24 IST 2026","passed","Wed Sep 23 17:38:15 IST 2026","com.l2b.vendor.modules.bookings.presentation.tests.rentalbooking.RentalBookingInteractTest","RB-I10 deviceBackFromBookings","com.l2b.vendor.modules.bookings.presentation.tests.rentalbooking.RentalBookingInteractTest","deviceBackFromBookings"
"","39087","AC-I3: Profile photo → Close","L2B Vendor Account ALL","Tue Sep 29 13:52:18 IST 2026","passed","Tue Sep 29 13:52:57 IST 2026","com.l2b.vendor.modules.settings.presentation.tests.AccountInteractTest","Account-Interact","com.l2b.vendor.modules.settings.presentation.tests.AccountInteractTest","profilePhotoClose"
"Per card: machine title, amount row (Amount · Online Mode ₹...), and a date range ending in (N day/days). Assert shape, never a pinned value. Amount rows or date ranges missing versus the card count are recorded as a new Bookings bug.","48585","RB-L4: Upcoming card core fields render","L2B RB-L4","Wed Sep 23 12:40:19 IST 2026","passed","Wed Sep 23 12:41:07 IST 2026","com.l2b.vendor.modules.bookings.presentation.tests.rentalbooking.RentalBookingLandingTest","RB-L4 upcomingCardCoreFields","com.l2b.vendor.modules.bookings.presentation.tests.rentalbooking.RentalBookingLandingTest","upcomingCardCoreFields"
"14 Ft Truck shows Select. Tap Select → pick first available driver → sheet Select. Card should become Change <name>.","47542","FL-I10: Select on unassigned card assigns an operator","L2B Vendor Fleet interact FL-I10","Fri Sep 25 13:27:37 IST 2026","passed","Fri Sep 25 13:28:24 IST 2026","com.l2b.vendor.modules.fleet.presentation.tests.FleetInteractTest","FL-I10","com.l2b.vendor.modules.fleet.presentation.tests.FleetInteractTest","selectUnassignedAssignsOperator"
"9876543210 + terms. Record Get OTP enabled.","7670","Case 9: Sequential 9876543210 — blocked or Get OTP enables","L2B Vendor","Thu Sep 17 16:31:51 IST 2026","passed","Thu Sep 17 16:31:59 IST 2026","com.l2b.vendor.modules.onboarding.presentation.tests.SignUpTest","08 Sign up screen edges","com.l2b.vendor.modules.onboarding.presentation.tests.SignUpTest","sequentialDescendingEnablesOrBlocksGetOtp"
"","32102","PD-L2: vendor name + Company Id chrome","L2B Vendor Profile drawer ALL","Tue Sep 29 12:14:58 IST 2026","passed","Tue Sep 29 12:15:30 IST 2026","com.l2b.vendor.modules.settings.presentation.tests.ProfileDrawerLandingTest","ProfileDrawer-Landing","com.l2b.vendor.modules.settings.presentation.tests.ProfileDrawerLandingTest","headerNameAndCompanyId"
"Read each mm:ss. Wait until a value changes (no hardcoded sleep). Two-plus timers must not be assumed in sync. Do not tap Accept/Decline.","52119","RH-L17: Booking Orders timers tick independently","L2B RH-L17","Tue Sep 22 12:10:20 IST 2026","passed","Tue Sep 22 12:11:12 IST 2026","com.l2b.vendor.modules.home.presentation.tests.RentalHomeLandingTest","RH-L17 timers","com.l2b.vendor.modules.home.presentation.tests.RentalHomeLandingTest","bookingOrderTimersTickIndependently"
"Select Hindi, tap Get started, terminateApp+activateApp without pm clear. Record whether Hindi onboarding returns, English language returns, or something else.","7203","Case 7: Language choice after Get started — relaunch with data kept","L2B Vendor","Wed Sep 23 11:14:40 IST 2026","passed","Wed Sep 23 11:14:47 IST 2026","com.l2b.vendor.modules.onboarding.presentation.tests.LanguageScreenTest","00b Language screen edges","com.l2b.vendor.modules.onboarding.presentation.tests.LanguageScreenTest","languageChoicePersistsAcrossRelaunch"
"Spam Previous month — no crash/launcher; still Schedule chrome.","34113","CA-E1: rapid Previous×3 stays Vendor","L2B Vendor Calendar CA-E1","Mon Sep 28 11:17:25 IST 2026","passed","Mon Sep 28 11:17:59 IST 2026","com.l2b.vendor.modules.calendar.presentation.tests.CalendarEdgeTest","CA-E1","com.l2b.vendor.modules.calendar.presentation.tests.CalendarEdgeTest","rapidPreviousMonths"
"","33808","PD-L6: Profile avatar still in chrome","L2B Vendor Profile drawer ALL","Tue Sep 29 12:17:47 IST 2026","passed","Tue Sep 29 12:18:21 IST 2026","com.l2b.vendor.modules.settings.presentation.tests.ProfileDrawerLandingTest","ProfileDrawer-Landing","com.l2b.vendor.modules.settings.presentation.tests.ProfileDrawerLandingTest","profileAvatarStillVisible"
"Type junk plate 'X' into Registration — field accepts it (validation is on Submit).","15660","FL-E16: short/invalid registration still allows typing","L2B Vendor Fleet edge FL-E16","Fri Sep 25 13:42:04 IST 2026","passed","Fri Sep 25 13:42:20 IST 2026","com.l2b.vendor.modules.fleet.presentation.tests.FleetEdgeTest","FL-E16","com.l2b.vendor.modules.fleet.presentation.tests.FleetEdgeTest","invalidRegistrationAcceptsTyping"
"Dump 07/08: open Change sheet — Select CTA disabled until a driver row is tapped. Close without confirm.","48989","FL-E1: sheet Select disabled until a driver is picked","L2B Vendor Fleet edge FL-E1","Fri Sep 25 13:14:16 IST 2026","passed","Fri Sep 25 13:15:05 IST 2026","com.l2b.vendor.modules.fleet.presentation.tests.FleetEdgeTest","FL-E1","com.l2b.vendor.modules.fleet.presentation.tests.FleetEdgeTest","sheetSelectDisabledUntilDriverPicked"
"Home Active Fleet See all (index 0) lands on the same Your Fleet surface as the bottom tab. Dump 25 Sep 02-active-fleet-see-all.","39426","FL-L3: Active Fleet See all opens the same Fleet list","L2B Vendor Fleet landing l3","Fri Sep 25 12:33:42 IST 2026","passed","Fri Sep 25 12:34:21 IST 2026","com.l2b.vendor.modules.fleet.presentation.tests.FleetLandingTest","l3","com.l2b.vendor.modules.fleet.presentation.tests.FleetLandingTest","activeFleetSeeAllOpensFleet"
"","17379","RH-I16: pull-to-refresh exists or not","L2B RH-I16","Tue Sep 22 12:27:15 IST 2026","passed","Tue Sep 22 12:27:33 IST 2026","com.l2b.vendor.modules.home.presentation.tests.RentalHomeInteractTest","RH-I16 ptr","com.l2b.vendor.modules.home.presentation.tests.RentalHomeInteractTest","pullToRefresh"
"The incoming card shows Timer starting at 30:00, Decline, and Accept, and the amount / dates / address match what the customer entered. Read only — the action taps are RB-S3 and RB-S8.","45469","RB-S2: incoming request shows countdown plus Decline and Accept","L2B RB-S2","Wed Sep 23 18:12:10 IST 2026","passed","Wed Sep 23 18:12:56 IST 2026","com.l2b.vendor.modules.bookings.presentation.tests.rentalbooking.RentalBookingLifecycleTest","RB-S2 incomingRequestShowsTimerAndActions","com.l2b.vendor.modules.bookings.presentation.tests.rentalbooking.RentalBookingLifecycleTest","incomingRequestShowsTimerAndActions"
"See all → Back. Expect Earning (or Home if stack popped).","47932","EA-I7: See all Back returns Earning or Home","L2B Vendor Earning EA-I7","Sat Sep 26 13:09:22 IST 2026","passed","Sat Sep 26 13:10:10 IST 2026","com.l2b.vendor.modules.earning.presentation.tests.EarningInteractTest","EA-I7","com.l2b.vendor.modules.earning.presentation.tests.EarningInteractTest","seeAllBack"
"Calendar · Home · Earning · Fleet remain while on Earning.","29595","EA-L9: bottom tabs stay on Earning","L2B Vendor Earning EA-L9","Sat Sep 26 12:59:16 IST 2026","passed","Sat Sep 26 12:59:46 IST 2026","com.l2b.vendor.modules.earning.presentation.tests.EarningLandingTest","EA-L9","com.l2b.vendor.modules.earning.presentation.tests.EarningLandingTest","bottomTabsStay"
"Select Hindi, tap शुरू करें, assert slide 1 Hindi headline from dump ('हमारे साथ अपना मशीन और मटेरियल बिज़नेस बढ़ाएं'), not English 'Grow Your Machine'.","8827","Case 4: Hindi selection changes onboarding copy, not just navigation","L2B Vendor","Thu Sep 24 10:49:12 IST 2026","passed","Thu Sep 24 10:49:20 IST 2026","com.l2b.vendor.modules.onboarding.presentation.tests.LanguageScreenTest","00b Language screen edges","com.l2b.vendor.modules.onboarding.presentation.tests.LanguageScreenTest","hindiSelectionChangesDownstreamCopy"
"","22838","PD-E13: Settings + Log Out Cancel + Back chain","L2B Vendor Profile drawer ALL","Tue Sep 29 11:58:45 IST 2026","passed","Tue Sep 29 11:59:08 IST 2026","com.l2b.vendor.modules.settings.presentation.tests.ProfileDrawerEdgeTest","ProfileDrawer-Edge","com.l2b.vendor.modules.settings.presentation.tests.ProfileDrawerEdgeTest","settingsLogoutCancelBackChain"
"","29981","PD-I8: reopen after right scrim","L2B Vendor Profile drawer ALL","Tue Sep 29 12:33:44 IST 2026","passed","Tue Sep 29 12:34:14 IST 2026","com.l2b.vendor.modules.settings.presentation.tests.ProfileDrawerInteractTest","ProfileDrawer-Interact","com.l2b.vendor.modules.settings.presentation.tests.ProfileDrawerInteractTest","reopenAfterScrim"
"","20010","NT-I13: Close on QB from View Details","L2B Vendor Notifications NT-I13","Mon Sep 28 12:28:59 IST 2026","passed","Mon Sep 28 12:29:19 IST 2026","com.l2b.vendor.modules.notifications.presentation.tests.NotificationsInteractTest","NT-I13","com.l2b.vendor.modules.notifications.presentation.tests.NotificationsInteractTest","closeQuickBookingFromDetails"
"","11433","LS-L7: stay Vendor package","L2B Vendor Language settings ALL","Thu Oct 01 15:38:56 IST 2026","passed","Thu Oct 01 15:39:08 IST 2026","com.l2b.vendor.modules.settings.presentation.tests.LanguageSettingsLandingTest","LanguageSettings-Landing","com.l2b.vendor.modules.settings.presentation.tests.LanguageSettingsLandingTest","staysVendorPackage"
"Cold start, OTP 1234 on 9000000017. Dump landing chrome. Stop if Quick Booking intercepts. Do not tap Accept/Decline, tabs, profile, or extend time.","10322","Dump-0: 9000000017 Home after OTP — no further taps","L2B Vendor Home dump 9000000017","Mon Sep 21 09:52:29 IST 2026","passed","Mon Sep 21 09:52:39 IST 2026","com.l2b.vendor.modules.home.presentation.tests.HomeDump","Home Dump-0","com.l2b.vendor.modules.home.presentation.tests.HomeDump","dumpHome0017"
"Group GET /api/v1/rentals/vendor/bookings by status. Every status must land in exactly one of Upcoming / Active / Completed / Hidden. An unmapped status that would silently disappear from the UI is a new Bookings bug.","1751","RB-A2: API statuses map onto the three app tabs","L2B RB-A2","Wed Sep 23 15:24:04 IST 2026","passed","Wed Sep 23 15:24:06 IST 2026","com.l2b.vendor.modules.bookings.data.api.RentalBookingApiGapTest","RB-A2 statusToTabMapping","com.l2b.vendor.modules.bookings.data.api.RentalBookingApiGapTest","statusToTabMapping"
"Dump 04-fleet-scrolled: swipe up on list — title and Calendar·Home·Earning·Fleet stay.","48162","FL-L9: swipe list keeps Your Fleet + bottom tabs","L2B Vendor Fleet landing FL-L9","Fri Sep 25 13:36:00 IST 2026","passed","Fri Sep 25 13:36:48 IST 2026","com.l2b.vendor.modules.fleet.presentation.tests.FleetLandingTest","FL-L9","com.l2b.vendor.modules.fleet.presentation.tests.FleetLandingTest","swipeListKeepsChrome"
"","10770","LS-L9: Save near bottom","L2B Vendor Language settings ALL","Thu Oct 01 15:39:46 IST 2026","passed","Thu Oct 01 15:39:56 IST 2026","com.l2b.vendor.modules.settings.presentation.tests.LanguageSettingsLandingTest","LanguageSettings-Landing","com.l2b.vendor.modules.settings.presentation.tests.LanguageSettingsLandingTest","saveNearBottom"
"Long strings do not overflow CTAs or crash the list.","10267","RB-E16: Long machine name and long address stay in the card","L2B RB-E16","Thu Sep 24 12:51:01 IST 2026","passed","Thu Sep 24 12:51:11 IST 2026","com.l2b.vendor.modules.bookings.presentation.tests.rentalbooking.RentalBookingEdgeTest","RB-E16 longNamesStayInCard","com.l2b.vendor.modules.bookings.presentation.tests.rentalbooking.RentalBookingEdgeTest","longNamesStayInCard"
"Form fields: Name/Capacity/Variant/Registration * + upload docs + Add Another Machine + Submit & Verify. Never tap submit.","14662","FL-I5: Add Machine form shows required fields + Submit & Verify","L2B Vendor Fleet interact FL-I5","Fri Sep 25 12:44:46 IST 2026","passed","Fri Sep 25 12:45:01 IST 2026","com.l2b.vendor.modules.fleet.presentation.tests.FleetInteractTest","FL-I5","com.l2b.vendor.modules.fleet.presentation.tests.FleetInteractTest","addMachineFormFields"
"Dump 01: Withdraw tile. Transfer/Add Money not on live 0001.","33237","EA-L5: Withdraw action visible","L2B Vendor Earning EA-L5","Sat Sep 26 12:54:41 IST 2026","passed","Sat Sep 26 12:55:14 IST 2026","com.l2b.vendor.modules.earning.presentation.tests.EarningLandingTest","EA-L5","com.l2b.vendor.modules.earning.presentation.tests.EarningLandingTest","withdrawActionVisible"
"Fill QA phone + terms while online, disable radios, tap Get OTP. Record actual UI. Must not crash. Radios restored in AfterMethod.","8768","Case 18: No network on Get OTP — error/retry, no crash","L2B Vendor","Thu Sep 17 16:36:33 IST 2026","passed","Thu Sep 17 16:36:42 IST 2026","com.l2b.vendor.modules.onboarding.presentation.tests.SignUpTest","08 Sign up screen edges","com.l2b.vendor.modules.onboarding.presentation.tests.SignUpTest","noNetworkOnGetOtpShowsErrorNotCrash"
"","12857","H-E5: force-stop + relaunch without pm clear stays Home","L2B Vendor Home edges 9000000017","Mon Sep 21 10:19:36 IST 2026","passed","Mon Sep 21 10:19:49 IST 2026","com.l2b.vendor.modules.home.presentation.tests.HomeEdgeTest","Home edge one case","com.l2b.vendor.modules.home.presentation.tests.HomeEdgeTest","relaunchWithoutClearStaysHome"
"Open OTP online, disable radios, type 0000. Record error/retry vs silent no-op. Radios restored in AfterMethod.","9527","Case 20: No network on OTP submit — error/retry, no crash","L2B Vendor","Thu Sep 17 16:48:59 IST 2026","passed","Thu Sep 17 16:49:08 IST 2026","com.l2b.vendor.modules.onboarding.presentation.tests.OTPScreenTest","09 OTP screen edges","com.l2b.vendor.modules.onboarding.presentation.tests.OTPScreenTest","noNetworkOnOtpSubmitShowsErrorNotCrash"
"Screenshots show a pill + circle above Next/Get started. Dump has two 126×126 Views with no selected/content-desc, so correct-dot-per-slide cannot be asserted.","39058","Case 11: Progress dots — visual cluster exists; highlight not in dump","L2B Vendor","Thu Sep 17 16:27:08 IST 2026","passed","Thu Sep 17 16:27:47 IST 2026","com.l2b.vendor.modules.onboarding.presentation.tests.OnboardingCarouselTest","07 Onboarding carousel edges","com.l2b.vendor.modules.onboarding.presentation.tests.OnboardingCarouselTest","progressDotsAreVisualOnlyNotInSelectedState"
"Covered by RentalBookingLifecycleApiTest.","1","RB-A9 — covered by lifecycle","L2B RB-A4","Wed Sep 23 16:44:14 IST 2026","unknown","Wed Sep 23 16:44:14 IST 2026","com.l2b.vendor.modules.bookings.presentation.tests.rentalbooking.RentalBookingApiTest","RB-A4 detailMatchesCard","com.l2b.vendor.modules.bookings.presentation.tests.rentalbooking.RentalBookingApiTest","acceptWithoutAssign"
"","38327","AC-E8: package stays Vendor through photo+edit+back","L2B Vendor Account ALL","Tue Sep 29 14:14:56 IST 2026","passed","Tue Sep 29 14:15:34 IST 2026","com.l2b.vendor.modules.settings.presentation.tests.AccountEdgeTest","Account-Edge","com.l2b.vendor.modules.settings.presentation.tests.AccountEdgeTest","packageStaysVendorThroughChrome"
"","48358","CA-E2: rapid Next×3 stays Vendor","L2B Vendor Calendar CA-E2","Mon Sep 28 11:18:41 IST 2026","passed","Mon Sep 28 11:19:30 IST 2026","com.l2b.vendor.modules.calendar.presentation.tests.CalendarEdgeTest","CA-E2","com.l2b.vendor.modules.calendar.presentation.tests.CalendarEdgeTest","rapidNextMonths"
"GET /api/v1/rentals/vendor/bookings. 200, success, each row has id + status.","1595","RB-API-1: vendor bookings list is 200 with usable rows","L2B Rental Booking Lifecycle API","Wed Sep 23 11:30:37 IST 2026","passed","Wed Sep 23 11:30:39 IST 2026","com.l2b.vendor.modules.bookings.data.api.RentalBookingLifecycleApiTest","Rental Booking lifecycle API","com.l2b.vendor.modules.bookings.data.api.RentalBookingLifecycleApiTest","listReturnsUsableShape"
"21 empty → 25 booked → 21 empty; chrome stable.","43934","CA-E5: empty→booked→empty agenda flip","L2B Vendor Calendar CA-E5","Mon Sep 28 11:22:45 IST 2026","passed","Mon Sep 28 11:23:29 IST 2026","com.l2b.vendor.modules.calendar.presentation.tests.CalendarEdgeTest","CA-E5","com.l2b.vendor.modules.calendar.presentation.tests.CalendarEdgeTest","emptyBookedEmptyFlip"
"From Active, tap Upcoming. Header returns to Upcoming Booking and upcoming cards render. Record the landing name.","66534","RB-I1: Upcoming tab selects the upcoming list","L2B RB-I1","Wed Sep 23 17:05:04 IST 2026","passed","Wed Sep 23 17:06:11 IST 2026","com.l2b.vendor.modules.bookings.presentation.tests.rentalbooking.RentalBookingInteractTest","RB-I1 upcomingTab","com.l2b.vendor.modules.bookings.presentation.tests.rentalbooking.RentalBookingInteractTest","upcomingTab"
"","13655","LS-I6: header Back → drawer","L2B Vendor Language settings ALL","Thu Oct 01 15:43:04 IST 2026","passed","Thu Oct 01 15:43:17 IST 2026","com.l2b.vendor.modules.settings.presentation.tests.LanguageSettingsInteractTest","LanguageSettings-Interact","com.l2b.vendor.modules.settings.presentation.tests.LanguageSettingsInteractTest","headerBackToDrawer"
"Dump-0 tabs Orders/Home/Earning/Inventory. Dump has no selected=true; Home is selected when Current Earning stays on screen. Do not tap tabs.","10408","H-L5: bottom tabs present and Home content is selected","L2B Vendor Home landing 9000000017","Mon Sep 21 10:06:28 IST 2026","passed","Mon Sep 21 10:06:38 IST 2026","com.l2b.vendor.modules.home.presentation.tests.HomeLandingTest","Home landing H-L5 only","com.l2b.vendor.modules.home.presentation.tests.HomeLandingTest","bottomTabsPresentAndHomeSelected"
"Prev to August, tap mid-month day — empty or agenda, no crash.","87187","CA-E6: August empty day still shows empty copy","L2B Vendor Calendar CA-E6","Mon Sep 28 11:23:57 IST 2026","passed","Mon Sep 28 11:25:25 IST 2026","com.l2b.vendor.modules.calendar.presentation.tests.CalendarEdgeTest","CA-E6","com.l2b.vendor.modules.calendar.presentation.tests.CalendarEdgeTest","augustDayNoCrash"
"If View More Details is on Home, tap it and assert the other Timer still exists. If absent, record BUGS_FOUND #22 and skip — do not tap Accept/Decline.","31434","RH-I17: multi-card independence — View More only if present","L2B RH-I17","Tue Sep 22 12:27:48 IST 2026","skipped","Tue Sep 22 12:28:19 IST 2026","com.l2b.vendor.modules.home.presentation.tests.RentalHomeInteractTest","RH-I17 multi-card","com.l2b.vendor.modules.home.presentation.tests.RentalHomeInteractTest","multiCardIndependenceViewMore"
"List #14. No API mock in this black-box suite. Covered in spirit by offline Accept/Decline.","4","Edge-3: API/server failure feedback — blocked without mock","L2B Vendor Quick Booking edges — rental owner 9000000001","Fri Sep 18 16:29:34 IST 2026","skipped","Fri Sep 18 16:29:34 IST 2026","com.l2b.vendor.modules.quickbooking.presentation.tests.QuickBookingEdgeCasesTest","Quick Booking edge cases","com.l2b.vendor.modules.quickbooking.presentation.tests.QuickBookingEdgeCasesTest","apiFailureShowsUserFeedback"
"Paste a 60-char string. Record length/text. Must not crash. Truncation or reject is OK.","19414","Case 13: Paste 50+ characters — no crash","L2B Vendor","Thu Sep 17 16:34:01 IST 2026","passed","Thu Sep 17 16:34:21 IST 2026","com.l2b.vendor.modules.onboarding.presentation.tests.SignUpTest","08 Sign up screen edges","com.l2b.vendor.modules.onboarding.presentation.tests.SignUpTest","pasteLongStringDoesNotCrash"
"","34914","AC-E13: read labels after Edit Cancel still stacked","L2B Vendor Account ALL","Tue Sep 29 14:20:16 IST 2026","passed","Tue Sep 29 14:20:51 IST 2026","com.l2b.vendor.modules.settings.presentation.tests.AccountEdgeTest","Account-Edge","com.l2b.vendor.modules.settings.presentation.tests.AccountEdgeTest","labelsStackedAfterEditCancel"
"List #17 related. If timer is not 00:00, Accept must still open Assign machine. True post-expiry Accept needs a 00:00 seed (not on 0001 this run). Do not Confirm.","48322","Accept-6: Accept while timer is still running opens Assign machine","L2B Vendor Quick Booking accept — rental owner 9000000001","Fri Sep 18 16:20:40 IST 2026","passed","Fri Sep 18 16:21:28 IST 2026","com.l2b.vendor.modules.quickbooking.presentation.tests.QuickBookingAcceptTest","Quick Booking accept","com.l2b.vendor.modules.quickbooking.presentation.tests.QuickBookingAcceptTest","acceptWhileTimerRunningOpensAssignMachine"
"","13626","HS-E13: idempotent header Back on Help landing","L2B Vendor Help and Support ALL","Thu Oct 01 11:53:50 IST 2026","passed","Thu Oct 01 11:54:03 IST 2026","com.l2b.vendor.modules.help.presentation.tests.HelpEdgeTest","Help-Edge","com.l2b.vendor.modules.help.presentation.tests.HelpEdgeTest","idempotentHeaderBackOnLanding"
"9000000001. One Close tap (not rapid). Quick Booking app bar must go. Do not tap Accept/Decline/View More Details on the extend-time dialog.","14645","RH-L2: Close once leaves Quick Booking without consuming the queue","L2B Vendor Rental Home RH-L1 to RH-L3 9000000001","Mon Sep 21 11:29:41 IST 2026","passed","Mon Sep 21 11:29:56 IST 2026","com.l2b.vendor.modules.home.presentation.tests.RentalHomeLandingTest","Rental Home overlay RH-L1 RH-L2 RH-L3","com.l2b.vendor.modules.home.presentation.tests.RentalHomeLandingTest","closeOnceLeavesQuickBooking"
"","33082","AC-I5: device Back → drawer","L2B Vendor Account ALL","Tue Sep 29 13:54:21 IST 2026","passed","Tue Sep 29 13:54:54 IST 2026","com.l2b.vendor.modules.settings.presentation.tests.AccountInteractTest","Account-Interact","com.l2b.vendor.modules.settings.presentation.tests.AccountInteractTest","deviceBackToDrawer"
"","32329","RH-I8: first Upcoming strip card tap","L2B RH-I8","Tue Sep 22 12:19:36 IST 2026","passed","Tue Sep 22 12:20:08 IST 2026","com.l2b.vendor.modules.home.presentation.tests.RentalHomeInteractTest","RH-I8 upcoming card","com.l2b.vendor.modules.home.presentation.tests.RentalHomeInteractTest","tapFirstUpcomingCard"
"Capture the ₹ amounts on Upcoming and Completed in one run and classify the grouping convention (Western #,###,### vs Indian #,##,###). A mixed convention across the two tabs is a new Bookings bug — recorded separately from Home #24.","43028","RB-L13: rupee formatting is consistent across tabs","L2B RB-L13","Wed Sep 23 13:27:53 IST 2026","passed","Wed Sep 23 13:28:36 IST 2026","com.l2b.vendor.modules.bookings.presentation.tests.rentalbooking.RentalBookingLandingTest","RB-L13 rupeeGroupingConsistentAcrossTabs","com.l2b.vendor.modules.bookings.presentation.tests.rentalbooking.RentalBookingLandingTest","rupeeGroupingConsistentAcrossTabs"
"After Accept, the card is gone from Booking Orders and from the Quick Booking queue, and does not return after relaunch. A ghost card that survives restart is a new Bookings bug.","31526","RB-S5: accepted booking leaves the incoming queue","L2B RB-S5","Wed Sep 23 18:19:51 IST 2026","passed","Wed Sep 23 18:20:22 IST 2026","com.l2b.vendor.modules.bookings.presentation.tests.rentalbooking.RentalBookingLifecycleTest","RB-S5 acceptedBookingLeavesQueue","com.l2b.vendor.modules.bookings.presentation.tests.rentalbooking.RentalBookingLifecycleTest","acceptedBookingLeavesQueue"
"List #29. If a blank Booking for is on screen, app must stay on Quick Booking. Dump cards have locations; this records that and no crash.","35070","Edge-6: Missing/invalid location does not crash","L2B Vendor Quick Booking edges — rental owner 9000000001","Fri Sep 18 16:31:34 IST 2026","passed","Fri Sep 18 16:32:09 IST 2026","com.l2b.vendor.modules.quickbooking.presentation.tests.QuickBookingEdgeCasesTest","Quick Booking edge cases","com.l2b.vendor.modules.quickbooking.presentation.tests.QuickBookingEdgeCasesTest","invalidLocationDoesNotCrash"
"Tap the Google Map tile itself. Either it opens the same navigation target as Get Direction or it is inert. It must not open an unrelated screen.","73088","RB-I8: tapping the map tile is safe","L2B RB-I8","Wed Sep 23 17:31:51 IST 2026","passed","Wed Sep 23 17:33:04 IST 2026","com.l2b.vendor.modules.bookings.presentation.tests.rentalbooking.RentalBookingInteractTest","RB-I8 tapMapTile","com.l2b.vendor.modules.bookings.presentation.tests.rentalbooking.RentalBookingInteractTest","tapMapTile"
"Tap 25 → agenda statuses/machines, not empty copy.","41540","CA-I5: select booked day 25","L2B Vendor Calendar CA-I5","Mon Sep 28 11:05:09 IST 2026","passed","Mon Sep 28 11:05:51 IST 2026","com.l2b.vendor.modules.calendar.presentation.tests.CalendarInteractTest","CA-I5","com.l2b.vendor.modules.calendar.presentation.tests.CalendarInteractTest","selectBookedDay"
"Expand first card, tap View Less. Details must collapse. Do not tap Accept/Decline.","14656","Landing-7: View Less Details collapses the first card","L2B Vendor Quick Booking landing — rental owner 9000000001","Fri Sep 18 15:33:32 IST 2026","passed","Fri Sep 18 15:33:47 IST 2026","com.l2b.vendor.modules.quickbooking.presentation.tests.QuickBookingLandingTest","Quick Booking landing","com.l2b.vendor.modules.quickbooking.presentation.tests.QuickBookingLandingTest","viewLessCollapsesCorrectCard"
"Back to Home then re-tap bell — Notification loads again (bell absent on stack).","17210","NT-E7: re-open bell after Back stays stable","L2B Vendor Notifications NT-E7","Mon Sep 28 12:44:50 IST 2026","passed","Mon Sep 28 12:45:07 IST 2026","com.l2b.vendor.modules.notifications.presentation.tests.NotificationsEdgeTest","NT-E7","com.l2b.vendor.modules.notifications.presentation.tests.NotificationsEdgeTest","reopenBellStable"
"","12251","PD-E10: Profile avatar desc still present while drawer open","L2B Vendor Profile drawer ALL","Tue Sep 29 12:49:18 IST 2026","passed","Tue Sep 29 12:49:30 IST 2026","com.l2b.vendor.modules.settings.presentation.tests.ProfileDrawerEdgeTest","ProfileDrawer-Edge","com.l2b.vendor.modules.settings.presentation.tests.ProfileDrawerEdgeTest","profileAvatarWhileOpen"
"List #5. First Accept outer View must be enabled. Do not tap Decline. Do not tap extend-time Accept.","12301","Accept-3: Accept is enabled on an eligible rental card","L2B Vendor Quick Booking accept — rental owner 9000000001","Fri Sep 18 16:18:52 IST 2026","passed","Fri Sep 18 16:19:04 IST 2026","com.l2b.vendor.modules.quickbooking.presentation.tests.QuickBookingAcceptTest","Quick Booking accept","com.l2b.vendor.modules.quickbooking.presentation.tests.QuickBookingAcceptTest","acceptButtonIsEnabledOnEligibleCard"
"9000000001. Close QB. Tap Upcoming See all and first booking card. Tap Upcoming/Active/Completed if present. Open each drawer row except Log Out. Do not tap Accept, Decline, or View More Details.","84951","Explore rental bookings + drawer modules — no consume / no logout","L2B Vendor Rental flow explore 9000000001","Mon Sep 21 12:10:49 IST 2026","passed","Mon Sep 21 12:12:14 IST 2026","com.l2b.vendor.modules.home.presentation.tests.RentalFlowExplore","Rental flow explore","com.l2b.vendor.modules.home.presentation.tests.RentalFlowExplore","exploreBookingsAndDrawer"
"","17513","PD-E8: rapid Close-menu open/close stays Vendor","L2B Vendor Profile drawer ALL","Tue Sep 29 12:48:23 IST 2026","passed","Tue Sep 29 12:48:41 IST 2026","com.l2b.vendor.modules.settings.presentation.tests.ProfileDrawerEdgeTest","ProfileDrawer-Edge","com.l2b.vendor.modules.settings.presentation.tests.ProfileDrawerEdgeTest","rapidCloseMenuOpenClose"
"","35102","RH-L14: header Profile, Monthly, Notifications — drawer closed","L2B RH-L14","Tue Sep 22 12:06:19 IST 2026","passed","Tue Sep 22 12:06:54 IST 2026","com.l2b.vendor.modules.home.presentation.tests.RentalHomeLandingTest","RH-L14 header","com.l2b.vendor.modules.home.presentation.tests.RentalHomeLandingTest","headerChromeDrawerClosed"
"List #37. After OTP, record whether a ProgressBar/Loading marker appears before Quick Booking.","12364","Edge-10: Loading state while booking data is fetched","L2B Vendor Quick Booking edges — rental owner 9000000001","Fri Sep 18 16:34:42 IST 2026","passed","Fri Sep 18 16:34:55 IST 2026","com.l2b.vendor.modules.quickbooking.presentation.tests.QuickBookingEdgeCasesTest","Quick Booking edge cases","com.l2b.vendor.modules.quickbooking.presentation.tests.QuickBookingEdgeCasesTest","loadingStateWhileFetching"
"","38874","AC-E5: Edit Cancel + Update Cancel + Back → drawer","L2B Vendor Account ALL","Tue Sep 29 14:11:46 IST 2026","passed","Tue Sep 29 14:12:25 IST 2026","com.l2b.vendor.modules.settings.presentation.tests.AccountEdgeTest","Account-Edge","com.l2b.vendor.modules.settings.presentation.tests.AccountEdgeTest","editUpdateCancelThenBack"
"Open Live chat chrome only — never Chat now after selecting concern.","14404","HS-L10: Live chat form + Chat now disabled","L2B Vendor Help and Support ALL","Thu Oct 01 11:40:28 IST 2026","passed","Thu Oct 01 11:40:43 IST 2026","com.l2b.vendor.modules.help.presentation.tests.HelpLandingTest","Help-Landing","com.l2b.vendor.modules.help.presentation.tests.HelpLandingTest","liveChatFormChrome"
"Complete slide 2 Get started → Sign up, force-stop, new session noReset=true. Landing may be Sign up (persisted), carousel (not persisted), or language. Record which.","25395","Case 9: After Get started, relaunch with data kept — record if carousel returns","L2B Vendor","Thu Sep 17 16:25:13 IST 2026","passed","Thu Sep 17 16:25:38 IST 2026","com.l2b.vendor.modules.onboarding.presentation.tests.OnboardingCarouselTest","07 Onboarding carousel edges","com.l2b.vendor.modules.onboarding.presentation.tests.OnboardingCarouselTest","carouselPersistenceAfterRelaunch"
"","32274","PD-E9: Policies then Back recovers","L2B Vendor Profile drawer ALL","Tue Sep 29 11:54:24 IST 2026","passed","Tue Sep 29 11:54:56 IST 2026","com.l2b.vendor.modules.settings.presentation.tests.ProfileDrawerEdgeTest","ProfileDrawer-Edge","com.l2b.vendor.modules.settings.presentation.tests.ProfileDrawerEdgeTest","policiesThenBackRecovers"
"The free-operator seed (plate KA13Z2117, operator Nauman, RB-FREE-OP-UI) is an accepted + operator-assigned rental. It must appear under Upcoming and NOT under Active or Completed. Anchor case: identity is checked by fleet plate across the full scrolled list of each tab.","65739","RB-L16: booking seeded on customer web appears in the right bucket","L2B RB-L16","Wed Sep 23 13:51:08 IST 2026","passed","Wed Sep 23 13:52:14 IST 2026","com.l2b.vendor.modules.bookings.presentation.tests.rentalbooking.RentalBookingLandingTest","RB-L16 seededBookingLandsInCorrectBucket","com.l2b.vendor.modules.bookings.presentation.tests.rentalbooking.RentalBookingLandingTest","seededBookingLandsInCorrectBucket"
"List #7. First Decline outer View must be enabled. Do not tap Accept. Do not tap extend-time Decline.","48239","Decline-2: Decline is enabled on an eligible rental card","L2B Vendor Quick Booking decline — rental owner 9000000001","Fri Sep 18 16:22:19 IST 2026","passed","Fri Sep 18 16:23:07 IST 2026","com.l2b.vendor.modules.quickbooking.presentation.tests.QuickBookingDeclineTest","Quick Booking decline","com.l2b.vendor.modules.quickbooking.presentation.tests.QuickBookingDeclineTest","declineButtonIsEnabledOnEligibleCard"
"","30272","NT-E2: View Details then double Back recovers","L2B Vendor Notifications NT-E2","Mon Sep 28 12:31:36 IST 2026","passed","Mon Sep 28 12:32:06 IST 2026","com.l2b.vendor.modules.notifications.presentation.tests.NotificationsEdgeTest","NT-E2","com.l2b.vendor.modules.notifications.presentation.tests.NotificationsEdgeTest","viewDetailsDoubleBack"
"","36097","PD-I13: Log Out CTA still below Settings after Cancel","L2B Vendor Profile drawer ALL","Tue Sep 29 12:38:42 IST 2026","passed","Tue Sep 29 12:39:18 IST 2026","com.l2b.vendor.modules.settings.presentation.tests.ProfileDrawerInteractTest","ProfileDrawer-Interact","com.l2b.vendor.modules.settings.presentation.tests.ProfileDrawerInteractTest","logOutBelowSettingsAfterCancel"
"","48538","CA-E4: last day of month (30) selectable","L2B Vendor Calendar CA-E4","Mon Sep 28 11:21:23 IST 2026","passed","Mon Sep 28 11:22:12 IST 2026","com.l2b.vendor.modules.calendar.presentation.tests.CalendarEdgeTest","CA-E4","com.l2b.vendor.modules.calendar.presentation.tests.CalendarEdgeTest","lastDaySelectable"
"Dump-0 Profile clickable outer. Expect Account + Logout drawer. Do not tap Logout.","11623","H-I10: tap Profile — opens account drawer","L2B Vendor Home interact 9000000017","Mon Sep 21 10:14:27 IST 2026","passed","Mon Sep 21 10:14:39 IST 2026","com.l2b.vendor.modules.home.presentation.tests.HomeInteractTest","Home interact one case","com.l2b.vendor.modules.home.presentation.tests.HomeInteractTest","tapProfileOpensDrawer"
"Back from Home. Stay vs launcher. If launcher, new Home bug — not #13.","9952","H-E1: device Back on Home — named landing","L2B Vendor Home edges 9000000017","Mon Sep 21 10:17:34 IST 2026","passed","Mon Sep 21 10:17:44 IST 2026","com.l2b.vendor.modules.home.presentation.tests.HomeEdgeTest","Home edge one case","com.l2b.vendor.modules.home.presentation.tests.HomeEdgeTest","backOnHome"
"POST decline with reason=Machine not available. Detail becomes unreachable (404) for this vendor and the id leaves the vendor list.","377","RB-API-7: decline with reason removes booking from vendor list","L2B Rental Booking Lifecycle API","Wed Sep 23 11:30:41 IST 2026","skipped","Wed Sep 23 11:30:42 IST 2026","com.l2b.vendor.modules.bookings.data.api.RentalBookingLifecycleApiTest","Rental Booking lifecycle API","com.l2b.vendor.modules.bookings.data.api.RentalBookingLifecycleApiTest","declineRemovesFromVendorList"
"Complete End OTP. Booking leaves Active and appears under Completed with the summary card (machine, dates, bare ₹). Backend status completed.","19459","RB-S13: Active → Completed at completion","L2B RB-S13","Thu Sep 24 11:35:20 IST 2026","passed","Thu Sep 24 11:35:40 IST 2026","com.l2b.vendor.modules.bookings.presentation.tests.rentalbooking.RentalBookingLifecycleTest","RB-S13 activeBecomesCompleted","com.l2b.vendor.modules.bookings.presentation.tests.rentalbooking.RentalBookingLifecycleTest","activeBecomesCompleted"
"Operator POST start with otp=0000 on an operator_assigned booking must be 4xx.","779","RB-API-5: wrong Start OTP is refused","L2B Rental Booking Lifecycle API","Wed Sep 23 11:30:41 IST 2026","passed","Wed Sep 23 11:30:41 IST 2026","com.l2b.vendor.modules.bookings.data.api.RentalBookingLifecycleApiTest","Rental Booking lifecycle API","com.l2b.vendor.modules.bookings.data.api.RentalBookingLifecycleApiTest","wrongStartOtpRefused"
"Long-press → Disable → Disable Machine? → Cancel. Machine stays; no confirm Disable.","15604","FL-I13: Disable → Cancel keeps machine on Fleet","L2B Vendor Fleet interact FL-I13","Fri Sep 25 13:38:46 IST 2026","passed","Fri Sep 25 13:39:02 IST 2026","com.l2b.vendor.modules.fleet.presentation.tests.FleetInteractTest","FL-I13","com.l2b.vendor.modules.fleet.presentation.tests.FleetInteractTest","disableCancelKeepsMachine"
"","10509","H-I14: tap Current Earning sparkline ImageView","L2B Vendor Home interact 9000000017","Mon Sep 21 10:16:17 IST 2026","passed","Mon Sep 21 10:16:27 IST 2026","com.l2b.vendor.modules.home.presentation.tests.HomeInteractTest","Home interact one case","com.l2b.vendor.modules.home.presentation.tests.HomeInteractTest","tapEarningSparkline"
"9000000001 + 1234. Pending rental bookings must open Quick Booking with Accept/Decline, Timer, Amount · Online Mode. Do not tap Accept/Decline.","52504","Case 1: Rental pending lands on Quick Booking with rental chrome","L2B Vendor Quick Booking","Fri Sep 18 12:22:31 IST 2026","passed","Fri Sep 18 12:23:23 IST 2026","com.l2b.vendor.modules.bookings.presentation.tests.QuickBookingTest","Quick Booking isolated","com.l2b.vendor.modules.bookings.presentation.tests.QuickBookingTest","rentalPendingLandsOnQuickBooking"
"Capture Upcoming Booking count and Earning Projected before and after Accept. Both must move consistently with the accepted amount, and match the dashboard API (RB-A3). A stale Home until relaunch is a new Bookings/Home sync bug.","84597","RB-S7: Home stats move after acceptance","L2B RB-S7","Thu Sep 24 10:55:35 IST 2026","passed","Thu Sep 24 10:57:00 IST 2026","com.l2b.vendor.modules.bookings.presentation.tests.rentalbooking.RentalBookingLifecycleTest","RB-S7 homeStatsReflectAcceptance","com.l2b.vendor.modules.bookings.presentation.tests.rentalbooking.RentalBookingLifecycleTest","homeStatsReflectAcceptance"
"Accept a pending vendor booking. Status becomes confirmed with no operator. A second accept must not 500 and must not invent a second booking.","2111","RB-API-3: accept without assign → confirmed; second accept safe","L2B RB-A5-A6-A9","Thu Sep 24 13:17:08 IST 2026","passed","Thu Sep 24 13:17:10 IST 2026","com.l2b.vendor.modules.bookings.data.api.RentalBookingLifecycleApiTest","RB-A5/A6/A9 acceptWithoutAssignThenSecondAcceptSafe","com.l2b.vendor.modules.bookings.data.api.RentalBookingLifecycleApiTest","acceptWithoutAssignThenSecondAcceptSafe"
"","16874","HS-E18: ticket detail open/close twice","L2B Vendor Help functional extras","Thu Oct 01 12:23:41 IST 2026","passed","Thu Oct 01 12:23:57 IST 2026","com.l2b.vendor.modules.help.presentation.tests.HelpEdgeTest","Help-Edge-Extra","com.l2b.vendor.modules.help.presentation.tests.HelpEdgeTest","ticketDetailOpenCloseTwice"
"","48832","PD-I11: FAQ row opens then Back","L2B Vendor Profile drawer ALL","Tue Sep 29 11:41:06 IST 2026","passed","Tue Sep 29 11:41:55 IST 2026","com.l2b.vendor.modules.settings.presentation.tests.ProfileDrawerInteractTest","ProfileDrawer-Interact","com.l2b.vendor.modules.settings.presentation.tests.ProfileDrawerInteractTest","faqRowOpensThenBack"
"Tap the Back affordance. Home renders with greeting / Current Earning and the rental tab bar. Dump 15-after-bookings-back confirms Home is the destination.","56513","RB-I9: header Back returns to Home","L2B RB-I9","Wed Sep 23 17:35:37 IST 2026","passed","Wed Sep 23 17:36:33 IST 2026","com.l2b.vendor.modules.bookings.presentation.tests.rentalbooking.RentalBookingInteractTest","RB-I9 headerBackReturnsHome","com.l2b.vendor.modules.bookings.presentation.tests.rentalbooking.RentalBookingInteractTest","headerBackReturnsHome"
"Cold launch shows the system notification dialog. ALLOW → app proceeds to language.","3938","Notification permission ALLOW","L2B Vendor","Thu Sep 24 10:45:37 IST 2026","passed","Thu Sep 24 10:45:41 IST 2026","com.l2b.vendor.modules.onboarding.presentation.tests.SplashScreenTest","00 Splash screen edges","com.l2b.vendor.modules.onboarding.presentation.tests.SplashScreenTest","notificationPermissionAllow"
"Fleet landing shows Your Fleet title and Add Machine CTA. Dump 25 Sep texts: Your Fleet, Add Machine.","16208","FL-L2: title Your Fleet + Add Machine chrome","L2B Vendor Fleet landing FL-L2","Fri Sep 25 12:29:36 IST 2026","passed","Fri Sep 25 12:29:53 IST 2026","com.l2b.vendor.modules.fleet.presentation.tests.FleetLandingTest","FL-L2","com.l2b.vendor.modules.fleet.presentation.tests.FleetLandingTest","titleAndAddMachine"
"","60726","HS-L1: drawer Help → Help & Support","L2B Vendor Help and Support ALL","Thu Oct 01 11:34:34 IST 2026","passed","Thu Oct 01 11:35:34 IST 2026","com.l2b.vendor.modules.help.presentation.tests.HelpLandingTest","Help-Landing","com.l2b.vendor.modules.help.presentation.tests.HelpLandingTest","helpOpensFromDrawer"
"Two fast taps on Decline. One reason dialog, one decline call, no crash on the second tap after the card is already gone.","44943","RB-E2: double-tap Decline commits once","L2B RB-E2","Thu Sep 24 12:13:47 IST 2026","passed","Thu Sep 24 12:14:32 IST 2026","com.l2b.vendor.modules.bookings.presentation.tests.rentalbooking.RentalBookingEdgeTest","RB-E2 doubleTapDeclineCommitsOnce","com.l2b.vendor.modules.bookings.presentation.tests.rentalbooking.RentalBookingEdgeTest","doubleTapDeclineCommitsOnce"
"","42683","RH-E8: spam Monthly before reload finishes","L2B RH-E8","Tue Sep 22 12:36:55 IST 2026","passed","Tue Sep 22 12:37:38 IST 2026","com.l2b.vendor.modules.home.presentation.tests.RentalHomeEdgeTest","RH-E8 spam monthly","com.l2b.vendor.modules.home.presentation.tests.RentalHomeEdgeTest","spamMonthlyFilter"
"Dump 10-add-top: single EditText for Registration / Serial no. Types a unique plate.","16312","FL-E6: Registration EditText accepts typed plate","L2B Vendor Fleet edge FL-E6","Fri Sep 25 13:19:21 IST 2026","passed","Fri Sep 25 13:19:37 IST 2026","com.l2b.vendor.modules.fleet.presentation.tests.FleetEdgeTest","FL-E6","com.l2b.vendor.modules.fleet.presentation.tests.FleetEdgeTest","registrationFieldAcceptsInput"
"When a Request to extend time dialog is present for a seed booking in the vendor app, the 'Request to extend time' dialog (BUGS_FOUND #15 path) shows the new end; Accept/Decline of the extension updates scheduled_end.","48004","RB-S16: extend-time decision updates the booking end date","L2B RB-S16","Thu Sep 24 11:44:07 IST 2026","passed","Thu Sep 24 11:44:55 IST 2026","com.l2b.vendor.modules.bookings.presentation.tests.rentalbooking.RentalBookingLifecycleTest","RB-S16 extendTimeUpdatesEndDate","com.l2b.vendor.modules.bookings.presentation.tests.rentalbooking.RentalBookingLifecycleTest","extendTimeUpdatesEndDate"
"Back without Allow/Deny → dialog gone, app does not hang on GrantPermissionsActivity.","7680","Notification permission dismissed with Back","L2B Vendor","Thu Sep 24 10:46:10 IST 2026","passed","Thu Sep 24 10:46:17 IST 2026","com.l2b.vendor.modules.onboarding.presentation.tests.SplashScreenTest","00 Splash screen edges","com.l2b.vendor.modules.onboarding.presentation.tests.SplashScreenTest","notificationPermissionDismissed"
"Dump 03-fleet-list: 14 Ft Truck and Tata Ace both show MH12SD4444. Document as data/UX issue #36 if still true — two Active machines must not share one plate.","11061","FL-E11: duplicate plate MH12SD4444 on two Active cards","L2B Vendor Fleet edge FL-E11","Fri Sep 25 13:22:31 IST 2026","failed","Fri Sep 25 13:22:42 IST 2026","com.l2b.vendor.modules.fleet.presentation.tests.FleetEdgeTest","FL-E11","com.l2b.vendor.modules.fleet.presentation.tests.FleetEdgeTest","duplicatePlateOnTwoCards"
"Dump-0 Profile content-desc. Drawer must not auto-open (Account+Logout). Do not tap.","9473","H-L6: Profile affordance visible and account drawer is closed","L2B Vendor Home landing 9000000017","Mon Sep 21 10:07:18 IST 2026","passed","Mon Sep 21 10:07:27 IST 2026","com.l2b.vendor.modules.home.presentation.tests.HomeLandingTest","Home landing H-L6 only","com.l2b.vendor.modules.home.presentation.tests.HomeLandingTest","profileVisibleDrawerClosed"
"Your Fleet Back → Rental Home. Dump 25 Sep 06-back-from-fleet.","12034","FL-I7: Back from Fleet returns to Home","L2B Vendor Fleet interact FL-I7","Fri Sep 25 12:45:50 IST 2026","passed","Fri Sep 25 12:46:02 IST 2026","com.l2b.vendor.modules.fleet.presentation.tests.FleetInteractTest","FL-I7","com.l2b.vendor.modules.fleet.presentation.tests.FleetInteractTest","backFromFleetReturnsHome"
"Chrome probe only — full Account module next. Back returns.","16678","PD-I6: Account row opens Profile Info then Back","L2B Vendor Profile drawer ALL","Tue Sep 29 11:35:06 IST 2026","passed","Tue Sep 29 11:35:23 IST 2026","com.l2b.vendor.modules.settings.presentation.tests.ProfileDrawerInteractTest","ProfileDrawer-Interact","com.l2b.vendor.modules.settings.presentation.tests.ProfileDrawerInteractTest","accountRowOpensThenBack"
"9999999999 + terms. Record whether Get OTP enables. Not blocked = SMS abuse risk.","7845","Case 6: All-same 9999999999 — blocked or Get OTP enables","L2B Vendor","Thu Sep 17 16:31:15 IST 2026","passed","Thu Sep 17 16:31:23 IST 2026","com.l2b.vendor.modules.onboarding.presentation.tests.SignUpTest","08 Sign up screen edges","com.l2b.vendor.modules.onboarding.presentation.tests.SignUpTest","allSameNinesEnablesOrBlocksGetOtp"
"","10506","H-I9: tap Orders tab — leaves Home, no deep-test","L2B Vendor Home interact 9000000017","Mon Sep 21 10:13:04 IST 2026","passed","Mon Sep 21 10:13:14 IST 2026","com.l2b.vendor.modules.home.presentation.tests.HomeInteractTest","Home interact one case","com.l2b.vendor.modules.home.presentation.tests.HomeInteractTest","tapOrdersTab"
"","13925","RH-I12: Fleet tab — Your Fleet","L2B RH-I12","Tue Sep 22 12:22:34 IST 2026","passed","Tue Sep 22 12:22:48 IST 2026","com.l2b.vendor.modules.home.presentation.tests.RentalHomeInteractTest","RH-I12 fleet","com.l2b.vendor.modules.home.presentation.tests.RentalHomeInteractTest","fleetTab"
"If portrait-locked, stay portrait. Landscape layout is not asserted when locked.","24076","Case 8: Rotation during carousel does not crash","L2B Vendor","Thu Sep 17 16:24:23 IST 2026","passed","Thu Sep 17 16:24:47 IST 2026","com.l2b.vendor.modules.onboarding.presentation.tests.OnboardingCarouselTest","07 Onboarding carousel edges","com.l2b.vendor.modules.onboarding.presentation.tests.OnboardingCarouselTest","rotationDuringCarousel"
"","51888","PD-I7: Settings row opens then Back","L2B Vendor Profile drawer ALL","Tue Sep 29 11:35:38 IST 2026","passed","Tue Sep 29 11:36:30 IST 2026","com.l2b.vendor.modules.settings.presentation.tests.ProfileDrawerInteractTest","ProfileDrawer-Interact","com.l2b.vendor.modules.settings.presentation.tests.ProfileDrawerInteractTest","settingsRowOpensThenBack"
"9000000017 after both cards consumed. Record Home vs empty Quick Booking vs leftover cards. Do not tap Accept/Decline.","9037","Material-Edge-1: after consume, login lands on Home or empty Quick Booking","L2B Vendor Material Quick Booking edges 9000000017","Sat Sep 19 16:37:37 IST 2026","passed","Sat Sep 19 16:37:46 IST 2026","com.l2b.vendor.modules.quickbooking.presentation.tests.MaterialQuickBookingEdgeCasesTest","Material Quick Booking edges","com.l2b.vendor.modules.quickbooking.presentation.tests.MaterialQuickBookingEdgeCasesTest","emptyQueueAfterConsume"
"","40525","CA-I9: Earning tab from Calendar","L2B Vendor Calendar CA-I9","Mon Sep 28 11:10:19 IST 2026","passed","Mon Sep 28 11:11:00 IST 2026","com.l2b.vendor.modules.calendar.presentation.tests.CalendarInteractTest","CA-I9","com.l2b.vendor.modules.calendar.presentation.tests.CalendarInteractTest","earningTabFromCalendar"
"","11790","AC-L9: title left inset","L2B Vendor Account ALL","Tue Sep 29 13:49:07 IST 2026","passed","Tue Sep 29 13:49:19 IST 2026","com.l2b.vendor.modules.settings.presentation.tests.AccountLandingTest","Account-Landing","com.l2b.vendor.modules.settings.presentation.tests.AccountLandingTest","titleLeftInset"
"Live 25 Sep: fleet may include Under Review (e.g. newly submitted machine). Record presence; Active still required on 0001.","12523","FL-L8: list can show Under Review status","L2B Vendor Fleet landing FL-L8","Fri Sep 25 13:35:13 IST 2026","passed","Fri Sep 25 13:35:25 IST 2026","com.l2b.vendor.modules.fleet.presentation.tests.FleetLandingTest","FL-L8","com.l2b.vendor.modules.fleet.presentation.tests.FleetLandingTest","underReviewStatusWhenPresent"
"Dump 05: swipe agenda — Schedule + tabs stay.","20858","CA-I14: agenda swipe keeps Schedule chrome","L2B Vendor Calendar CA-I14","Mon Sep 28 11:14:46 IST 2026","passed","Mon Sep 28 11:15:07 IST 2026","com.l2b.vendor.modules.calendar.presentation.tests.CalendarInteractTest","CA-I14","com.l2b.vendor.modules.calendar.presentation.tests.CalendarInteractTest","agendaSwipeKeepsChrome"
"","439","Sign up screen","L2B Vendor","Wed Sep 23 11:15:09 IST 2026","passed","Wed Sep 23 11:15:10 IST 2026","com.l2b.vendor.modules.onboarding.presentation.tests.SmokeTest","05 Sign up screen","com.l2b.vendor.modules.onboarding.presentation.tests.SmokeTest","signUpScreen"
"Tap first Quick Booking Accept. Assign machine must open. Open Select an operator, pick the first operator, then Confirm. Sheet-open alone is not a pass. Do not Skip. Do not tap Decline. Do not tap extend-time Accept.","31912","Accept-2: Assign operator then Confirm completes one Accept","L2B Vendor Quick Booking accept — rental owner 9000000001","Fri Sep 18 16:06:19 IST 2026","broken","Fri Sep 18 16:06:51 IST 2026","com.l2b.vendor.modules.quickbooking.presentation.tests.QuickBookingAcceptTest","Quick Booking accept","com.l2b.vendor.modules.quickbooking.presentation.tests.QuickBookingAcceptTest","acceptOneRentalCard"
"","36223","NT-I10: reopen bell after Back","L2B Vendor Notifications NT-I10","Mon Sep 28 12:25:27 IST 2026","passed","Mon Sep 28 12:26:03 IST 2026","com.l2b.vendor.modules.notifications.presentation.tests.NotificationsInteractTest","NT-I10","com.l2b.vendor.modules.notifications.presentation.tests.NotificationsInteractTest","reopenAfterBack"
"","31030","NT-E6: header layout publish checks","L2B Vendor Notifications NT-E6","Mon Sep 28 12:36:20 IST 2026","passed","Mon Sep 28 12:36:51 IST 2026","com.l2b.vendor.modules.notifications.presentation.tests.NotificationsEdgeTest","NT-E6","com.l2b.vendor.modules.notifications.presentation.tests.NotificationsEdgeTest","headerLayoutPublish"
"","12799","HS-L5: Raise Ticket card + CTAs","L2B Vendor Help and Support ALL","Thu Oct 01 11:38:28 IST 2026","passed","Thu Oct 01 11:38:41 IST 2026","com.l2b.vendor.modules.help.presentation.tests.HelpLandingTest","Help-Landing","com.l2b.vendor.modules.help.presentation.tests.HelpLandingTest","raiseTicketCardAndHistory"
"Splash is transient. First stable UI is language (after notification prompt). Screenshot is taken once language is visible. QA backend ping is included here.","3496","Splash screen","L2B Vendor","Wed Sep 23 11:15:02 IST 2026","passed","Wed Sep 23 11:15:06 IST 2026","com.l2b.vendor.modules.onboarding.presentation.tests.SmokeTest","01 Splash screen","com.l2b.vendor.modules.onboarding.presentation.tests.SmokeTest","splashScreen"
"Dump 02: after swipe, Debited and Credited labels appear.","13082","EA-E8: scroll reveals Credited and/or Debited","L2B Vendor Earning EA-E8","Sat Sep 26 13:23:30 IST 2026","passed","Sat Sep 26 13:23:43 IST 2026","com.l2b.vendor.modules.earning.presentation.tests.EarningEdgeTest","EA-E8","com.l2b.vendor.modules.earning.presentation.tests.EarningEdgeTest","scrollRevealsCreditDebit"
"Enters the QA rental-company phone, accepts terms, taps Get OTP. Asserts OTP UI only. Does not enter or verify OTP.","2581","OTP screen","L2B Vendor","Wed Sep 23 11:15:10 IST 2026","passed","Wed Sep 23 11:15:12 IST 2026","com.l2b.vendor.modules.onboarding.presentation.tests.SmokeTest","06 OTP screen","com.l2b.vendor.modules.onboarding.presentation.tests.SmokeTest","otpScreen"
"Open Raise Ticket form only — never Submit.","14209","HS-L11: Raise Ticket form + Submit disabled","L2B Vendor Help and Support ALL","Thu Oct 01 11:40:55 IST 2026","passed","Thu Oct 01 11:41:10 IST 2026","com.l2b.vendor.modules.help.presentation.tests.HelpLandingTest","Help-Landing","com.l2b.vendor.modules.help.presentation.tests.HelpLandingTest","raiseTicketFormChrome"
"Tap Get Direction. Record the destination package (maps intent or in-app map). Back must return to the Bookings list on the same tab, not to Home or the launcher.","106158","RB-I7: Get Direction opens navigation and Back returns to Bookings","L2B RB-I7","Wed Sep 23 17:29:09 IST 2026","passed","Wed Sep 23 17:30:55 IST 2026","com.l2b.vendor.modules.bookings.presentation.tests.rentalbooking.RentalBookingInteractTest","RB-I7 getDirectionAndBack","com.l2b.vendor.modules.bookings.presentation.tests.rentalbooking.RentalBookingInteractTest","getDirectionAndBack"
"","27130","NT-L6: All tab Rentals category","L2B Vendor Notifications NT-L6","Mon Sep 28 12:13:02 IST 2026","passed","Mon Sep 28 12:13:30 IST 2026","com.l2b.vendor.modules.notifications.presentation.tests.NotificationsLandingTest","NT-L6","com.l2b.vendor.modules.notifications.presentation.tests.NotificationsLandingTest","allTabRentalsCategory"
"Missing-token covered by lifecycle; expired-token deferred.","0","RB-A11 — missing token covered by lifecycle","L2B RB-A4","Wed Sep 23 16:44:14 IST 2026","unknown","Wed Sep 23 16:44:14 IST 2026","com.l2b.vendor.modules.bookings.presentation.tests.rentalbooking.RentalBookingApiTest","RB-A4 detailMatchesCard","com.l2b.vendor.modules.bookings.presentation.tests.rentalbooking.RentalBookingApiTest","endpointsRejectBadToken"
"Airplane mode on Bookings: error chrome, not a false empty state.","25735","RB-E11: Bookings list while offline shows error, not empty","L2B RB-E11","Thu Sep 24 12:37:14 IST 2026","passed","Thu Sep 24 12:37:40 IST 2026","com.l2b.vendor.modules.bookings.presentation.tests.rentalbooking.RentalBookingEdgeTest","RB-E11 bookingsListOfflineShowsError","com.l2b.vendor.modules.bookings.presentation.tests.rentalbooking.RentalBookingEdgeTest","bookingsListOfflineShowsError"
"","13312","HS-I12: chrome intact after history Back","L2B Vendor Help and Support ALL","Thu Oct 01 11:47:13 IST 2026","passed","Thu Oct 01 11:47:26 IST 2026","com.l2b.vendor.modules.help.presentation.tests.HelpInteractTest","Help-Interact","com.l2b.vendor.modules.help.presentation.tests.HelpInteractTest","chromeIntactAfterHistory"
"","44461","PD-I3: right scrim tap closes → Home","L2B Vendor Profile drawer ALL","Tue Sep 29 12:27:46 IST 2026","passed","Tue Sep 29 12:28:31 IST 2026","com.l2b.vendor.modules.settings.presentation.tests.ProfileDrawerInteractTest","ProfileDrawer-Interact","com.l2b.vendor.modules.settings.presentation.tests.ProfileDrawerInteractTest","outsideScrimCloses"
"","47833","RH-I14: Profile opens drawer — do not Log Out","L2B RH-I14","Tue Sep 22 12:24:44 IST 2026","passed","Tue Sep 22 12:25:32 IST 2026","com.l2b.vendor.modules.home.presentation.tests.RentalHomeInteractTest","RH-I14 profile","com.l2b.vendor.modules.home.presentation.tests.RentalHomeInteractTest","profileOpensDrawer"
"","33940","AC-I4: header Back → drawer","L2B Vendor Account ALL","Tue Sep 29 13:53:22 IST 2026","passed","Tue Sep 29 13:53:56 IST 2026","com.l2b.vendor.modules.settings.presentation.tests.AccountInteractTest","Account-Interact","com.l2b.vendor.modules.settings.presentation.tests.AccountInteractTest","headerBackToDrawer"
"Home Active Fleet 4/20 (25 Sep dump). Fleet list should expose the same card count order-of-magnitude (plates ≥ home numerator when assigned).","36309","FL-L6: Home Active Fleet count matches Fleet list plates","L2B Vendor Fleet landing l6","Fri Sep 25 12:40:33 IST 2026","passed","Fri Sep 25 12:41:09 IST 2026","com.l2b.vendor.modules.fleet.presentation.tests.FleetLandingTest","l6","com.l2b.vendor.modules.fleet.presentation.tests.FleetLandingTest","homeActiveFleetCountAligns"
"Dump 02: 21 September → No bookings on this day.","42895","CA-L7: empty day copy on day 21","L2B Vendor Calendar CA-L7","Mon Sep 28 10:53:07 IST 2026","passed","Mon Sep 28 10:53:50 IST 2026","com.l2b.vendor.modules.calendar.presentation.tests.CalendarLandingTest","CA-L7","com.l2b.vendor.modules.calendar.presentation.tests.CalendarLandingTest","emptyDayCopy"
"Every assigned card shows a plate matching [A-Z]{2}[0-9]{2}[A-Z]{1,3}[0-9]{4} (dump: KA13Z2117, MH12SD4444). platesNow() returns only well-formed plates, so a count below the assigned-card count means a blank or malformed plate — a new Bookings bug.","51178","RB-L7: plate format matches the fleet plate shape","L2B RB-L7","Wed Sep 23 12:53:34 IST 2026","passed","Wed Sep 23 12:54:26 IST 2026","com.l2b.vendor.modules.bookings.presentation.tests.rentalbooking.RentalBookingLandingTest","RB-L7 plateFormatOnCards","com.l2b.vendor.modules.bookings.presentation.tests.rentalbooking.RentalBookingLandingTest","plateFormatOnCards"
"","48200","NT-I7: Back from View Details → Notification","L2B Vendor Notifications NT-I7","Mon Sep 28 12:21:52 IST 2026","passed","Mon Sep 28 12:22:40 IST 2026","com.l2b.vendor.modules.notifications.presentation.tests.NotificationsInteractTest","NT-I7","com.l2b.vendor.modules.notifications.presentation.tests.NotificationsInteractTest","backFromViewDetails"
"Type 99999999. Stay on form — never confirm. Record edit text.","19757","EA-E3: type amount larger than wallet (no confirm)","L2B Vendor Earning EA-E3","Sat Sep 26 13:20:05 IST 2026","passed","Sat Sep 26 13:20:25 IST 2026","com.l2b.vendor.modules.earning.presentation.tests.EarningEdgeTest","EA-E3","com.l2b.vendor.modules.earning.presentation.tests.EarningEdgeTest","typeHugeAmountNoConfirm"
"","18516","PD-E13: Back → Profile → Log Out Cancel → Back chain","L2B Vendor Profile drawer ALL","Tue Sep 29 12:50:36 IST 2026","passed","Tue Sep 29 12:50:54 IST 2026","com.l2b.vendor.modules.settings.presentation.tests.ProfileDrawerEdgeTest","ProfileDrawer-Edge","com.l2b.vendor.modules.settings.presentation.tests.ProfileDrawerEdgeTest","backProfileLogoutCancelBackChain"
"Dump-0 No orders right now. is display copy. Tap and record stay vs navigate.","9888","H-I15: tap empty Orders copy — document destination","L2B Vendor Home interact 9000000017","Mon Sep 21 10:16:42 IST 2026","passed","Mon Sep 21 10:16:52 IST 2026","com.l2b.vendor.modules.home.presentation.tests.HomeInteractTest","Home interact one case","com.l2b.vendor.modules.home.presentation.tests.HomeInteractTest","tapEmptyOrdersCopy"
"","37269","AC-E10: email still contains @ after Cancel","L2B Vendor Account ALL","Tue Sep 29 14:17:08 IST 2026","passed","Tue Sep 29 14:17:45 IST 2026","com.l2b.vendor.modules.settings.presentation.tests.AccountEdgeTest","Account-Edge","com.l2b.vendor.modules.settings.presentation.tests.AccountEdgeTest","emailIntactAfterCancel"
"Dump 04 has Help on Withdraw Money. Tap Help — stay in Vendor.","46677","EA-E11: Withdraw form Help stays in Vendor","L2B Vendor Earning EA-E11","Sat Sep 26 13:26:32 IST 2026","passed","Sat Sep 26 13:27:19 IST 2026","com.l2b.vendor.modules.earning.presentation.tests.EarningEdgeTest","EA-E11","com.l2b.vendor.modules.earning.presentation.tests.EarningEdgeTest","withdrawFormHelp"
"","13433","AC-L3: Profile Info + Edit","L2B Vendor Account ALL","Tue Sep 29 13:46:25 IST 2026","passed","Tue Sep 29 13:46:38 IST 2026","com.l2b.vendor.modules.settings.presentation.tests.AccountLandingTest","Account-Landing","com.l2b.vendor.modules.settings.presentation.tests.AccountLandingTest","profileInfoAndEdit"
"Double-tap Withdraw quickly. Expect one Withdraw Money form, no crash.","14819","EA-E4: double-tap Withdraw opens one form","L2B Vendor Earning EA-E4","Sat Sep 26 13:20:40 IST 2026","passed","Sat Sep 26 13:20:55 IST 2026","com.l2b.vendor.modules.earning.presentation.tests.EarningEdgeTest","EA-E4","com.l2b.vendor.modules.earning.presentation.tests.EarningEdgeTest","doubleTapWithdraw"
"","51121","NT-E4: View Details Close — never Accept","L2B Vendor Notifications NT-E4","Mon Sep 28 12:33:31 IST 2026","passed","Mon Sep 28 12:34:22 IST 2026","com.l2b.vendor.modules.notifications.presentation.tests.NotificationsEdgeTest","NT-E4","com.l2b.vendor.modules.notifications.presentation.tests.NotificationsEdgeTest","viewDetailsCloseNeverAccept"
"Standing rule: do not consume 0001 queue. Script exists as a skip, not a tap.","39572","RH-E12: Accept/Decline multi-tap is blocked this phase","L2B RH-E12","Tue Sep 22 12:41:22 IST 2026","skipped","Tue Sep 22 12:42:02 IST 2026","com.l2b.vendor.modules.home.presentation.tests.RentalHomeEdgeTest","RH-E12 accept blocked","com.l2b.vendor.modules.home.presentation.tests.RentalHomeEdgeTest","acceptDeclineMultiTapBlocked"
"Type 10 digits, then one more key. Record EditText. First probe: sendKeys of 11 at once emptied the field; this case uses 10 then +1 so we see max-length vs accept.","18334","Case 3: 11th digit — truncated, blocked, or accepted","L2B Vendor","Thu Sep 17 16:29:43 IST 2026","passed","Thu Sep 17 16:30:01 IST 2026","com.l2b.vendor.modules.onboarding.presentation.tests.SignUpTest","08 Sign up screen edges","com.l2b.vendor.modules.onboarding.presentation.tests.SignUpTest","eleventhDigitTruncatedOrBlocked"
"Tap Profile. Expect classify=home-drawer, Account + Log Out.","36088","PD-L1: Home Profile → drawer","L2B Vendor Profile drawer ALL","Tue Sep 29 12:13:54 IST 2026","passed","Tue Sep 29 12:14:30 IST 2026","com.l2b.vendor.modules.settings.presentation.tests.ProfileDrawerLandingTest","ProfileDrawer-Landing","com.l2b.vendor.modules.settings.presentation.tests.ProfileDrawerLandingTest","profileOpensDrawer"
"","13770","HS-E5: Chat now disabled without concern","L2B Vendor Help and Support ALL","Thu Oct 01 11:49:31 IST 2026","passed","Thu Oct 01 11:49:45 IST 2026","com.l2b.vendor.modules.help.presentation.tests.HelpEdgeTest","Help-Edge","com.l2b.vendor.modules.help.presentation.tests.HelpEdgeTest","chatNowDisabledEmpty"
"Back from slide 2 may return to slide 1, language, or exit. Record the actual screen.","53881","Case 7: Android Back from slide 2 and slide 1 — no crash, named screen","L2B Vendor","Thu Sep 17 16:22:40 IST 2026","passed","Thu Sep 17 16:23:34 IST 2026","com.l2b.vendor.modules.onboarding.presentation.tests.OnboardingCarouselTest","07 Onboarding carousel edges","com.l2b.vendor.modules.onboarding.presentation.tests.OnboardingCarouselTest","androidBackOnCarouselDoesNotCrash"
"","36578","AC-E11: Account after KYC-style recover from drawer only","L2B Vendor Account ALL","Tue Sep 29 14:18:11 IST 2026","passed","Tue Sep 29 14:18:48 IST 2026","com.l2b.vendor.modules.settings.presentation.tests.AccountEdgeTest","Account-Edge","com.l2b.vendor.modules.settings.presentation.tests.AccountEdgeTest","accountFromDrawerOnly"
"Two fast taps on Accept for one seed booking. Expect a single accept: one Assign sheet, one booking in Upcoming, one accept call server-side. Two bookings or a duplicated charge is a high-severity new Bookings bug.","28354","RB-E1: double-tap Accept commits once","L2B RB-E1","Thu Sep 24 12:08:18 IST 2026","failed","Thu Sep 24 12:08:46 IST 2026","com.l2b.vendor.modules.bookings.presentation.tests.rentalbooking.RentalBookingEdgeTest","RB-E1 doubleTapAcceptCommitsOnce","com.l2b.vendor.modules.bookings.presentation.tests.rentalbooking.RentalBookingEdgeTest","doubleTapAcceptCommitsOnce"
"9000000017 + 1234 after empty QB queue. Must land on Home (Current Earning / greeting), not Quick Booking, OTP, or Sign Up Completed. Dump-0 21 Sep. Do not tap Accept/Decline, tabs, profile, or extend time.","9893","H-L1: post-OTP lands on Home when the Quick Booking queue is empty","L2B Vendor Home landing 9000000017","Mon Sep 21 09:53:47 IST 2026","passed","Mon Sep 21 09:53:57 IST 2026","com.l2b.vendor.modules.home.presentation.tests.HomeLandingTest","Home landing H-L1 only","com.l2b.vendor.modules.home.presentation.tests.HomeLandingTest","postOtpLandsOnHome"
"Completed cards are summary-only (machine, a date range, a bare ₹ amount) with header Completed Order and NO Assign / Change CTAs. When completed cards exist, each must carry the machine + date range + amount; the summary-only invariant (no Assign / Change) holds either way.","47960","RB-L12: Completed card shows machine, date range, and amount","L2B RB-L12","Wed Sep 23 13:17:19 IST 2026","passed","Wed Sep 23 13:18:07 IST 2026","com.l2b.vendor.modules.bookings.presentation.tests.rentalbooking.RentalBookingLandingTest","RB-L12 completedCardSummaryFields","com.l2b.vendor.modules.bookings.presentation.tests.rentalbooking.RentalBookingLandingTest","completedCardSummaryFields"
"Find a pending vendor booking older than 30 minutes (QB Timer window). POST accept must not return 200 confirmed — expect 4xx / expired. A successful accept after the window is BUGS_FOUND #28.","2188","RB-A10: accept after Timer window must be refused","L2B RB-A10","Wed Sep 23 18:05:01 IST 2026","failed","Wed Sep 23 18:05:03 IST 2026","com.l2b.vendor.modules.bookings.data.api.RentalBookingApiGapTest","RB-A10 acceptExpiredBookingRefused","com.l2b.vendor.modules.bookings.data.api.RentalBookingApiGapTest","acceptExpiredBookingRefused"
"Placeholder: simulate backend down without touching shared QA. Not run until a local stub exists.","1","No isolated stub for QA.waardian.com; enabling this would interfere with the shared QA env.: Backend unreachable at splash","L2B Vendor","Thu Sep 24 10:43:57 IST 2026","unknown","Thu Sep 24 10:43:57 IST 2026","com.l2b.vendor.modules.onboarding.presentation.tests.SplashScreenTest","00 Splash screen edges","com.l2b.vendor.modules.onboarding.presentation.tests.SplashScreenTest","backendUnreachableAtSplash"
"Invalidate session on Bookings; expect re-auth, not a silent broken list.","65065","RB-E19: Expired session while on Bookings","L2B RB-E19","Thu Sep 24 12:59:46 IST 2026","passed","Thu Sep 24 13:00:51 IST 2026","com.l2b.vendor.modules.bookings.presentation.tests.rentalbooking.RentalBookingEdgeTest","RB-E19 expiredSessionOnBookings","com.l2b.vendor.modules.bookings.presentation.tests.rentalbooking.RentalBookingEdgeTest","expiredSessionOnBookings"
"9000000001. Select concern (never Chat now/Submit). Tap ticket. Call Support recover.","85808","Deep dump: concern picker, enablement, ticket detail, Call Support","L2B Vendor Help deep dump","Thu Oct 01 12:09:43 IST 2026","passed","Thu Oct 01 12:11:08 IST 2026","com.l2b.vendor.modules.help.presentation.tests.HelpSupportDeepDump","HelpSupport-DeepDump","com.l2b.vendor.modules.help.presentation.tests.HelpSupportDeepDump","deepDumpHelp0001"
"","31448","AC-L1: drawer Account → Profile Info","L2B Vendor Account ALL","Tue Sep 29 13:44:42 IST 2026","passed","Tue Sep 29 13:45:13 IST 2026","com.l2b.vendor.modules.settings.presentation.tests.AccountLandingTest","Account-Landing","com.l2b.vendor.modules.settings.presentation.tests.AccountLandingTest","accountOpensProfileInfo"
"","39394","PD-I9: Language row opens then Back","L2B Vendor Profile drawer ALL","Tue Sep 29 11:38:36 IST 2026","passed","Tue Sep 29 11:39:15 IST 2026","com.l2b.vendor.modules.settings.presentation.tests.ProfileDrawerInteractTest","ProfileDrawer-Interact","com.l2b.vendor.modules.settings.presentation.tests.ProfileDrawerInteractTest","languageRowOpensThenBack"
"Implemented in RentalBookingApiGapTest.","0","RB-A13 — LIVE in ApiGapTest","L2B RB-A4","Wed Sep 23 16:44:14 IST 2026","unknown","Wed Sep 23 16:44:14 IST 2026","com.l2b.vendor.modules.bookings.presentation.tests.rentalbooking.RentalBookingApiTest","RB-A4 detailMatchesCard","com.l2b.vendor.modules.bookings.presentation.tests.rentalbooking.RentalBookingApiTest","invoiceForCompletedBooking"
"Landscape then portrait. Home or Quick Booking chrome must survive. Do not tap Accept/Decline.","13086","Material-Edge-4: Rotation keeps the current chrome","L2B Vendor Material Quick Booking edges 9000000017","Sat Sep 19 16:41:01 IST 2026","passed","Sat Sep 19 16:41:14 IST 2026","com.l2b.vendor.modules.quickbooking.presentation.tests.MaterialQuickBookingEdgeCasesTest","Material Quick Booking edges","com.l2b.vendor.modules.quickbooking.presentation.tests.MaterialQuickBookingEdgeCasesTest","rotationKeepsChrome"
"","43216","RH-I5: Upcoming Booking stat — named landing","L2B RH-I5","Tue Sep 22 12:15:23 IST 2026","passed","Tue Sep 22 12:16:06 IST 2026","com.l2b.vendor.modules.home.presentation.tests.RentalHomeInteractTest","RH-I5 upcoming stat","com.l2b.vendor.modules.home.presentation.tests.RentalHomeInteractTest","tapUpcomingStat"
"Dump 12: header Back → Home.","34759","NT-I8: header Back → Home","L2B Vendor Notifications NT-I8","Mon Sep 28 12:23:16 IST 2026","passed","Mon Sep 28 12:23:50 IST 2026","com.l2b.vendor.modules.notifications.presentation.tests.NotificationsInteractTest","NT-I8","com.l2b.vendor.modules.notifications.presentation.tests.NotificationsInteractTest","headerBackToHome"
"Tap first View More Details. Must expand that card (View Less and/or Purpose/Soil/Load). Do not tap Accept/Decline.","44497","Landing-6: View More Details expands the first card","L2B Vendor Quick Booking landing — rental owner 9000000001","Fri Sep 18 15:32:37 IST 2026","passed","Fri Sep 18 15:33:21 IST 2026","com.l2b.vendor.modules.quickbooking.presentation.tests.QuickBookingLandingTest","Quick Booking landing","com.l2b.vendor.modules.quickbooking.presentation.tests.QuickBookingLandingTest","viewMoreExpandsCorrectCard"
"Back to Home → Earning tab again loads Earning & Incentive.","37657","EA-I13: re-open Earning after Back","L2B Vendor Earning EA-I13","Sat Sep 26 13:16:16 IST 2026","passed","Sat Sep 26 13:16:53 IST 2026","com.l2b.vendor.modules.earning.presentation.tests.EarningInteractTest","EA-I13","com.l2b.vendor.modules.earning.presentation.tests.EarningInteractTest","reopenEarningAfterBack"
"Account → Settings rows from dump 01.","11482","PD-L3: all 11 menu rows","L2B Vendor Profile drawer ALL","Tue Sep 29 12:15:48 IST 2026","passed","Tue Sep 29 12:15:59 IST 2026","com.l2b.vendor.modules.settings.presentation.tests.ProfileDrawerLandingTest","ProfileDrawer-Landing","com.l2b.vendor.modules.settings.presentation.tests.ProfileDrawerLandingTest","allMenuRowsPresent"
"Take a booking id owned by 9000000001 and call detail / accept / decline / assign with a foreign vendor token (9000000017). Expect 403 or 404 on every call — never 200. Any success is a cross-tenant authorisation defect.","2654","RB-A12: another vendor's booking id is not reachable","L2B RB-A12","Wed Sep 23 16:06:02 IST 2026","passed","Wed Sep 23 16:06:05 IST 2026","com.l2b.vendor.modules.bookings.data.api.RentalBookingApiGapTest","RB-A12 otherVendorBookingIsForbidden","com.l2b.vendor.modules.bookings.data.api.RentalBookingApiGapTest","otherVendorBookingIsForbidden"
"Live 0001 14 Ft Truck shows Select. Tap Select → same Select Driver/operator sheet. Close without confirm.","11812","FL-I3: Select (unassigned) opens the same operator sheet","L2B Vendor Fleet interact FL-I3","Fri Sep 25 12:43:44 IST 2026","passed","Fri Sep 25 12:43:55 IST 2026","com.l2b.vendor.modules.fleet.presentation.tests.FleetInteractTest","FL-I3","com.l2b.vendor.modules.fleet.presentation.tests.FleetInteractTest","selectOperatorOpensSheet"
"","16513","HS-E15: Chat now disabled after concern-only","L2B Vendor Help functional extras","Thu Oct 01 12:22:11 IST 2026","passed","Thu Oct 01 12:22:27 IST 2026","com.l2b.vendor.modules.help.presentation.tests.HelpEdgeTest","Help-Edge-Extra","com.l2b.vendor.modules.help.presentation.tests.HelpEdgeTest","chatNowDisabledAfterConcernOnly"
"9000000001. Close QB once. Tap Calendar/Earning/Fleet/Home by dump bounds below the dialog. Tap Profile and Notifications in the header. Back after each. Do not tap Accept, Decline, or View More Details.","38046","Explore rental tabs, notifications, drawer — no consume","L2B Vendor Rental flow explore 9000000001","Mon Sep 21 12:03:34 IST 2026","passed","Mon Sep 21 12:04:12 IST 2026","com.l2b.vendor.modules.home.presentation.tests.RentalFlowExplore","Rental flow explore","com.l2b.vendor.modules.home.presentation.tests.RentalFlowExplore","exploreRentalChrome"
"Dump-0 vertical room is small; swipe up anyway. Home tabs and earning must survive. Horizontal Upcoming strip is H-I8. Do not tap.","10641","H-L8: swipe Home body — no crash, chrome stays","L2B Vendor Home landing 9000000017","Mon Sep 21 10:08:11 IST 2026","passed","Mon Sep 21 10:08:21 IST 2026","com.l2b.vendor.modules.home.presentation.tests.HomeLandingTest","Home landing H-L8 only","com.l2b.vendor.modules.home.presentation.tests.HomeLandingTest","homeScrollKeepsChrome"
"","11792","H-I5: tap Completed Orders stat — document destination","L2B Vendor Home interact 9000000017","Mon Sep 21 10:11:13 IST 2026","passed","Mon Sep 21 10:11:25 IST 2026","com.l2b.vendor.modules.home.presentation.tests.HomeInteractTest","Home interact one case","com.l2b.vendor.modules.home.presentation.tests.HomeInteractTest","tapCompletedOrdersStat"
"If drawer opens, new Home-screen bug number — do not fold into #14.","12155","H-E2: rotation landscape then portrait","L2B Vendor Home edges 9000000017","Mon Sep 21 10:17:59 IST 2026","passed","Mon Sep 21 10:18:12 IST 2026","com.l2b.vendor.modules.home.presentation.tests.HomeEdgeTest","Home edge one case","com.l2b.vendor.modules.home.presentation.tests.HomeEdgeTest","rotationKeepsHome"
"","11176","HS-L6: Call Support right of title","L2B Vendor Help and Support ALL","Thu Oct 01 11:38:53 IST 2026","passed","Thu Oct 01 11:39:04 IST 2026","com.l2b.vendor.modules.help.presentation.tests.HelpLandingTest","Help-Landing","com.l2b.vendor.modules.help.presentation.tests.HelpLandingTest","callSupportLayout"
"9000000017 Dump-0. Current Earning label, rupee amount, and trend line must show. Do not tap the tile, sparkline, or Earning tab.","9137","H-L4: Current Earning tile is visible on Home","L2B Vendor Home landing 9000000017","Mon Sep 21 10:02:36 IST 2026","passed","Mon Sep 21 10:02:45 IST 2026","com.l2b.vendor.modules.home.presentation.tests.HomeLandingTest","Home landing H-L4 only","com.l2b.vendor.modules.home.presentation.tests.HomeLandingTest","currentEarningTileVisible"
"Probe Start Task if shown; Back/dismiss must not leave Vendor. No full re-login.","61781","CA-E14: Start Task then Back recovers Schedule/Home","L2B Vendor Calendar CA-E14","Mon Sep 28 11:46:52 IST 2026","passed","Mon Sep 28 11:47:54 IST 2026","com.l2b.vendor.modules.calendar.presentation.tests.CalendarEdgeTest","CA-E14","com.l2b.vendor.modules.calendar.presentation.tests.CalendarEdgeTest","startTaskThenRecover"
"Tap 21 → heading + No bookings.","47556","CA-I4: select empty day 21","L2B Vendor Calendar CA-I4","Mon Sep 28 11:03:50 IST 2026","passed","Mon Sep 28 11:04:38 IST 2026","com.l2b.vendor.modules.calendar.presentation.tests.CalendarInteractTest","CA-I4","com.l2b.vendor.modules.calendar.presentation.tests.CalendarInteractTest","selectEmptyDay"
"From Your Fleet, Earning tab leaves Fleet.","12342","FL-I12: Fleet → Earning bottom tab","L2B Vendor Fleet interact FL-I12","Fri Sep 25 13:38:15 IST 2026","passed","Fri Sep 25 13:38:28 IST 2026","com.l2b.vendor.modules.fleet.presentation.tests.FleetInteractTest","FL-I12","com.l2b.vendor.modules.fleet.presentation.tests.FleetInteractTest","earningTabFromFleet"
"Tap Change <name> on an assigned card. Expect Select Driver/operator sheet + Close sheet. Do not pick a driver. Dump 25 Sep 02-change-operator.","12724","FL-I1: Change operator opens Select Driver/operator sheet","L2B Vendor Fleet interact FL-I1","Fri Sep 25 12:42:33 IST 2026","passed","Fri Sep 25 12:42:45 IST 2026","com.l2b.vendor.modules.fleet.presentation.tests.FleetInteractTest","FL-I1","com.l2b.vendor.modules.fleet.presentation.tests.FleetInteractTest","changeOperatorOpensSheet"
"Force-stop on Bookings; relaunch lands safely without corrupt state.","62494","RB-E14: Force-stop and relaunch from the list","L2B RB-E14","Thu Sep 24 12:43:02 IST 2026","passed","Thu Sep 24 12:44:04 IST 2026","com.l2b.vendor.modules.bookings.presentation.tests.rentalbooking.RentalBookingEdgeTest","RB-E14","com.l2b.vendor.modules.bookings.presentation.tests.rentalbooking.RentalBookingEdgeTest","forceStopRelaunchFromList"
"Open concern dropdown only — never Chat now.","15137","HS-I7: Ticket Concern on Live chat → Back (no Chat now)","L2B Vendor Help and Support ALL","Thu Oct 01 11:44:51 IST 2026","passed","Thu Oct 01 11:45:06 IST 2026","com.l2b.vendor.modules.help.presentation.tests.HelpInteractTest","Help-Interact","com.l2b.vendor.modules.help.presentation.tests.HelpInteractTest","liveChatConcernThenBack"
"After scrolling, each visible Accept has a matching Decline. Do not tap them.","47106","Landing-5: Accept/Decline stay on the correct card after scroll","L2B Vendor Quick Booking landing — rental owner 9000000001","Fri Sep 18 15:31:26 IST 2026","passed","Fri Sep 18 15:32:14 IST 2026","com.l2b.vendor.modules.quickbooking.presentation.tests.QuickBookingLandingTest","Quick Booking landing","com.l2b.vendor.modules.quickbooking.presentation.tests.QuickBookingLandingTest","acceptDeclineStayOnCorrectCardAfterScroll"
"Dump-sourced 16 Sep: Get OTP enabled lives on //android.view.View[@clickable='true'][.//android.widget.TextView[@text='Get OTP']]. Empty = enabled=false. After 8123456098 + terms tap, enabled=true. Inner TextView/Button stay enabled=true decoys.","32287","Case 1: Valid 10-digit + terms checked enables Get OTP","L2B Vendor","Thu Sep 17 16:28:13 IST 2026","passed","Thu Sep 17 16:28:45 IST 2026","com.l2b.vendor.modules.onboarding.presentation.tests.SignUpTest","08 Sign up screen edges","com.l2b.vendor.modules.onboarding.presentation.tests.SignUpTest","validTenDigitWithTermsEnablesGetOtp"
"Place a rental booking for a 0001 machine on the customer site. With the app already open on Home, record how it arrives: push notification, Booking Orders feed, Quick Booking intercept on next launch, or only after refresh. Capture the delay. Cross-check RB-A1 list status = pending.","25572","RB-S1: a booking placed on customer web reaches the vendor app","L2B RB-S1","Wed Sep 23 18:08:50 IST 2026","passed","Wed Sep 23 18:09:15 IST 2026","com.l2b.vendor.modules.bookings.presentation.tests.rentalbooking.RentalBookingLifecycleTest","RB-S1 seededBookingReachesVendor","com.l2b.vendor.modules.bookings.presentation.tests.rentalbooking.RentalBookingLifecycleTest","seededBookingReachesVendor"
"","10400","H-I4: tap Earning Orders stat — document destination","L2B Vendor Home interact 9000000017","Mon Sep 21 10:10:46 IST 2026","passed","Mon Sep 21 10:10:57 IST 2026","com.l2b.vendor.modules.home.presentation.tests.HomeInteractTest","Home interact one case","com.l2b.vendor.modules.home.presentation.tests.HomeInteractTest","tapEarningOrdersStat"
"Cold start, first-launch to OTP, 1234. Record whether Quick Booking appears before Home.","26936","Discovery: 9000000001 rental company after OTP","L2B Vendor Quick Booking landing discovery","Fri Sep 18 11:59:15 IST 2026","passed","Fri Sep 18 11:59:42 IST 2026","com.l2b.vendor.modules.onboarding.presentation.tests.QuickBookingLandingDiscovery","Discovery 9000000001","com.l2b.vendor.modules.onboarding.presentation.tests.QuickBookingLandingDiscovery","observeRentalCompany0001"
"Disable radios, tap Accept. Expect an error or retry, not a local-only success. Restore network: the booking must still be pending, and must not auto-accept from a queued request.","50411","RB-E5: Accept while offline","L2B RB-E5","Thu Sep 24 12:20:24 IST 2026","failed","Thu Sep 24 12:21:14 IST 2026","com.l2b.vendor.modules.bookings.presentation.tests.rentalbooking.RentalBookingEdgeTest","RB-E5 acceptOffline","com.l2b.vendor.modules.bookings.presentation.tests.rentalbooking.RentalBookingEdgeTest","acceptOffline"
"","14522","AC-L4: Full Name + Mobile Number","L2B Vendor Account ALL","Tue Sep 29 13:46:51 IST 2026","passed","Tue Sep 29 13:47:06 IST 2026","com.l2b.vendor.modules.settings.presentation.tests.AccountLandingTest","Account-Landing","com.l2b.vendor.modules.settings.presentation.tests.AccountLandingTest","fullNameAndMobile"
"GET /api/v1/rentals/vendor/bookings must be 200 with success=true and row objects carrying id, booking_number, status, and total_amount.","1743","RB-A1: list returns 200 with a usable shape","L2B RB-A1","Thu Sep 24 13:16:51 IST 2026","passed","Thu Sep 24 13:16:52 IST 2026","com.l2b.vendor.modules.bookings.data.api.RentalBookingApiGapTest","RB-A1 listReturnsUsableShape","com.l2b.vendor.modules.bookings.data.api.RentalBookingApiGapTest","listReturnsUsableShape"
"From Completed, Assign / Change / cancel are unreachable. API mutations on the completed id are refused.","20519","RB-S14: Completed booking is immutable","L2B RB-S14","Thu Sep 24 11:37:43 IST 2026","passed","Thu Sep 24 11:38:04 IST 2026","com.l2b.vendor.modules.bookings.presentation.tests.rentalbooking.RentalBookingLifecycleTest","RB-S14 completedBookingImmutable","com.l2b.vendor.modules.bookings.presentation.tests.rentalbooking.RentalBookingLifecycleTest","completedBookingImmutable"
"Toggle airplane while on Bookings; list recovers without stuck spinner.","93620","RB-E12: Airplane toggle mid-list self-heals","L2B RB-E12","Thu Sep 24 12:39:32 IST 2026","passed","Thu Sep 24 12:41:06 IST 2026","com.l2b.vendor.modules.bookings.presentation.tests.rentalbooking.RentalBookingEdgeTest","RB-E12","com.l2b.vendor.modules.bookings.presentation.tests.rentalbooking.RentalBookingEdgeTest","airplaneToggleMidListSelfHeals"
"Wait until OTP Resend in Ns reaches 0 (or 75s). Then type 0000. Record error copy.","68465","Case 9: After resend timer, submit — expired vs wrong copy","L2B Vendor","Thu Sep 17 16:41:07 IST 2026","passed","Thu Sep 17 16:42:15 IST 2026","com.l2b.vendor.modules.onboarding.presentation.tests.OTPScreenTest","09 OTP screen edges","com.l2b.vendor.modules.onboarding.presentation.tests.OTPScreenTest","afterTimerSubmitRecordsExpiredOrWrong"
"Placeholder: simulate backend down without touching shared QA. Not run until a local stub exists.","0","No isolated stub for QA.waardian.com; enabling this would interfere with the shared QA env.: Case 19: Backend unreachable on Get OTP","L2B Vendor","Thu Sep 17 16:27:49 IST 2026","unknown","Thu Sep 17 16:27:49 IST 2026","com.l2b.vendor.modules.onboarding.presentation.tests.SignUpTest","08 Sign up screen edges","com.l2b.vendor.modules.onboarding.presentation.tests.SignUpTest","backendUnreachableOnGetOtp"
"Dump: '28 September, Monday' style heading under grid.","38316","CA-L6: selected day heading","L2B Vendor Calendar CA-L6","Mon Sep 28 10:51:55 IST 2026","passed","Mon Sep 28 10:52:34 IST 2026","com.l2b.vendor.modules.calendar.presentation.tests.CalendarLandingTest","CA-L6","com.l2b.vendor.modules.calendar.presentation.tests.CalendarLandingTest","selectedDayHeading"
"","16747","NT-L5: View all notifications CTA","L2B Vendor Notifications NT-L5","Mon Sep 28 12:12:16 IST 2026","passed","Mon Sep 28 12:12:33 IST 2026","com.l2b.vendor.modules.notifications.presentation.tests.NotificationsLandingTest","NT-L5","com.l2b.vendor.modules.notifications.presentation.tests.NotificationsLandingTest","viewAllNotificationsCta"
"","11168","H-I13: tap See all","L2B Vendor Home interact 9000000017","Mon Sep 21 10:15:50 IST 2026","passed","Mon Sep 21 10:16:01 IST 2026","com.l2b.vendor.modules.home.presentation.tests.HomeInteractTest","Home interact one case","com.l2b.vendor.modules.home.presentation.tests.HomeInteractTest","tapSeeAll"
"9000000001 + 1234. Pending rentals must open Quick Booking with Accept/Decline, Timer, Amount · Online Mode. Do not tap Accept/Decline.","61431","0001-1: Pending rental lands on Quick Booking with rental chrome","L2B Vendor Quick Booking — rental company 9000000001","Fri Sep 18 12:58:09 IST 2026","passed","Fri Sep 18 12:59:10 IST 2026","com.l2b.vendor.modules.bookings.presentation.tests.quickbooking.RentalCompanyQuickBookingTest","Rental company Quick Booking","com.l2b.vendor.modules.bookings.presentation.tests.quickbooking.RentalCompanyQuickBookingTest","pendingLandsOnQuickBooking"
"Long-press → Delete → Delete Machine? → Cancel. Do not confirm Delete.","16485","FL-I14: Delete → Cancel keeps machine on Fleet","L2B Vendor Fleet interact FL-I14","Fri Sep 25 13:39:26 IST 2026","passed","Fri Sep 25 13:39:42 IST 2026","com.l2b.vendor.modules.fleet.presentation.tests.FleetInteractTest","FL-I14","com.l2b.vendor.modules.fleet.presentation.tests.FleetInteractTest","deleteCancelKeepsMachine"
"","34943","PD-L8: row left inset padding","L2B Vendor Profile drawer ALL","Tue Sep 29 12:19:56 IST 2026","passed","Tue Sep 29 12:20:30 IST 2026","com.l2b.vendor.modules.settings.presentation.tests.ProfileDrawerLandingTest","ProfileDrawer-Landing","com.l2b.vendor.modules.settings.presentation.tests.ProfileDrawerLandingTest","rowLeftInset"
"Home Current Earning uses Western thousands (₹ 152,453); Earning Wallet uses Indian (₹ 1,52,452) on dump. Record both — candidate #24 family.","31860","EA-E6: Wallet Indian grouping vs Home Western","L2B Vendor Earning EA-E6","Sat Sep 26 13:33:43 IST 2026","passed","Sat Sep 26 13:34:15 IST 2026","com.l2b.vendor.modules.earning.presentation.tests.EarningEdgeTest","EA-E6","com.l2b.vendor.modules.earning.presentation.tests.EarningEdgeTest","walletGroupingVsHome"
"","16291","LS-I10: English Save restores EN drawer chrome","L2B Vendor Language settings failed rerun","Thu Oct 01 16:08:06 IST 2026","passed","Thu Oct 01 16:08:23 IST 2026","com.l2b.vendor.modules.settings.presentation.tests.LanguageSettingsInteractTest","Language-Failed-Rerun","com.l2b.vendor.modules.settings.presentation.tests.LanguageSettingsInteractTest","englishSaveRestoresChrome"
"","11901","LS-L3: All language heading","L2B Vendor Language settings ALL","Thu Oct 01 15:37:18 IST 2026","passed","Thu Oct 01 15:37:30 IST 2026","com.l2b.vendor.modules.settings.presentation.tests.LanguageSettingsLandingTest","LanguageSettings-Landing","com.l2b.vendor.modules.settings.presentation.tests.LanguageSettingsLandingTest","allLanguageHeading"
"","18288","HS-I11: Call Support visible; recover if dialer","L2B Vendor Help and Support ALL","Thu Oct 01 11:46:41 IST 2026","passed","Thu Oct 01 11:47:00 IST 2026","com.l2b.vendor.modules.help.presentation.tests.HelpInteractTest","Help-Interact","com.l2b.vendor.modules.help.presentation.tests.HelpInteractTest","callSupportVisibleOrRecover"
"Dump 06: Mark all read on Rentals category — stay Vendor.","38036","NT-I12: Mark all read probe","L2B Vendor Notifications NT-I12","Mon Sep 28 12:27:42 IST 2026","passed","Mon Sep 28 12:28:20 IST 2026","com.l2b.vendor.modules.notifications.presentation.tests.NotificationsInteractTest","NT-I12","com.l2b.vendor.modules.notifications.presentation.tests.NotificationsInteractTest","markAllReadProbe"
"","10383","LS-L2: title + Back + Save","L2B Vendor Language settings ALL","Thu Oct 01 15:36:55 IST 2026","passed","Thu Oct 01 15:37:06 IST 2026","com.l2b.vendor.modules.settings.presentation.tests.LanguageSettingsLandingTest","LanguageSettings-Landing","com.l2b.vendor.modules.settings.presentation.tests.LanguageSettingsLandingTest","titleBackSaveChrome"
"Covered by RentalBookingLifecycleApiTest.listReturnsUsableShape (RB-API-1).","0","RB-A1: list shape — covered by lifecycle","L2B RB-A4","Wed Sep 23 16:44:14 IST 2026","unknown","Wed Sep 23 16:44:14 IST 2026","com.l2b.vendor.modules.bookings.presentation.tests.rentalbooking.RentalBookingApiTest","RB-A4 detailMatchesCard","com.l2b.vendor.modules.bookings.presentation.tests.rentalbooking.RentalBookingApiTest","listReturnsUsableShape"
"Tap Notifications bell. Expect classify=notifications, title, Unread/All.","13386","NT-L1: Home bell → Notification","L2B Vendor Notifications NT-L1","Mon Sep 28 12:10:10 IST 2026","passed","Mon Sep 28 12:10:23 IST 2026","com.l2b.vendor.modules.notifications.presentation.tests.NotificationsLandingTest","NT-L1","com.l2b.vendor.modules.notifications.presentation.tests.NotificationsLandingTest","bellOpensNotification"
"9000000001. Close QB once. Dump Earning via bottom tab, scroll, Help, Withdraw/Transfer/Add Money open+Back (no confirm money).","165396","Dump-0: Earning & Incentive chrome + action probes","L2B Vendor Earning dump","Sat Sep 26 12:42:25 IST 2026","passed","Sat Sep 26 12:45:11 IST 2026","com.l2b.vendor.modules.earning.presentation.tests.EarningDump","Earning-Dump","com.l2b.vendor.modules.earning.presentation.tests.EarningDump","dumpEarning0001"
"","55576","RH-E4: offline dwell does not crash","L2B RH-E4","Tue Sep 22 12:32:57 IST 2026","passed","Tue Sep 22 12:33:53 IST 2026","com.l2b.vendor.modules.home.presentation.tests.RentalHomeEdgeTest","RH-E4 offline","com.l2b.vendor.modules.home.presentation.tests.RentalHomeEdgeTest","offlineDoesNotCrash"
"","16509","AC-L6: Company Name + Email","L2B Vendor Account ALL","Tue Sep 29 13:47:49 IST 2026","passed","Tue Sep 29 13:48:05 IST 2026","com.l2b.vendor.modules.settings.presentation.tests.AccountLandingTest","Account-Landing","com.l2b.vendor.modules.settings.presentation.tests.AccountLandingTest","companyNameAndEmail"
"Back must not Save Changes.","64100","AC-I7: Edit then device Back dismisses safely","L2B Vendor Account ALL","Tue Sep 29 13:56:59 IST 2026","passed","Tue Sep 29 13:58:03 IST 2026","com.l2b.vendor.modules.settings.presentation.tests.AccountInteractTest","Account-Interact","com.l2b.vendor.modules.settings.presentation.tests.AccountInteractTest","editThenDeviceBackSafe"
"Tap Monthly / Select period. Record sheet options and whether amount changes.","10206","H-I1: Monthly period filter opens options","L2B Vendor Home interact 9000000017","Mon Sep 21 10:09:26 IST 2026","passed","Mon Sep 21 10:09:36 IST 2026","com.l2b.vendor.modules.home.presentation.tests.HomeInteractTest","Home interact one case","com.l2b.vendor.modules.home.presentation.tests.HomeInteractTest","monthlyPeriodFilter"
"9000000001 + 1234. First screen must show at least two pending cards (Accept count >= 2, matching Decline and View More Details). Do not tap Accept/Decline.","13860","Landing-2: Multiple rental booking cards are visible","L2B Vendor Quick Booking landing — rental owner 9000000001","Fri Sep 18 15:18:43 IST 2026","passed","Fri Sep 18 15:18:56 IST 2026","com.l2b.vendor.modules.quickbooking.presentation.tests.QuickBookingLandingTest","Quick Booking landing","com.l2b.vendor.modules.quickbooking.presentation.tests.QuickBookingLandingTest","multipleCardsAreVisible"
"List #38. Login, disable radios on the queue, wait, re-enable. Must not crash.","14380","Edge-11: Slow network — queue still lands or shows feedback","L2B Vendor Quick Booking edges — rental owner 9000000001","Fri Sep 18 16:35:02 IST 2026","passed","Fri Sep 18 16:35:16 IST 2026","com.l2b.vendor.modules.quickbooking.presentation.tests.QuickBookingEdgeCasesTest","Quick Booking edge cases","com.l2b.vendor.modules.quickbooking.presentation.tests.QuickBookingEdgeCasesTest","slowNetworkLoading"
"Dump 15: header Back → Home.","15215","CA-I11: header Back → Home","L2B Vendor Calendar CA-I11","Mon Sep 28 11:12:18 IST 2026","passed","Mon Sep 28 11:12:34 IST 2026","com.l2b.vendor.modules.calendar.presentation.tests.CalendarInteractTest","CA-I11","com.l2b.vendor.modules.calendar.presentation.tests.CalendarInteractTest","headerBackToHome"
"","35642","PD-L7: menu rows layout pitch","L2B Vendor Profile drawer ALL","Tue Sep 29 12:18:55 IST 2026","passed","Tue Sep 29 12:19:31 IST 2026","com.l2b.vendor.modules.settings.presentation.tests.ProfileDrawerLandingTest","ProfileDrawer-Landing","com.l2b.vendor.modules.settings.presentation.tests.ProfileDrawerLandingTest","menuRowsLayoutPitch"
"","15955","HS-E19: dialer package then recover Vendor","L2B Vendor Help dialer rerun","Thu Oct 01 12:27:58 IST 2026","passed","Thu Oct 01 12:28:14 IST 2026","com.l2b.vendor.modules.help.presentation.tests.HelpEdgeTest","Help-Dialer-Rerun","com.l2b.vendor.modules.help.presentation.tests.HelpEdgeTest","dialerThenRecoverVendor"
"","33305","PD-E7: reopen after scrim close","L2B Vendor Profile drawer ALL","Tue Sep 29 11:52:26 IST 2026","passed","Tue Sep 29 11:53:00 IST 2026","com.l2b.vendor.modules.settings.presentation.tests.ProfileDrawerEdgeTest","ProfileDrawer-Edge","com.l2b.vendor.modules.settings.presentation.tests.ProfileDrawerEdgeTest","reopenAfterScrim"
"Type 0 into amount. Field accepts typing; do not confirm withdraw.","15089","EA-E2: type 0 amount (no confirm)","L2B Vendor Earning EA-E2","Sat Sep 26 13:19:21 IST 2026","passed","Sat Sep 26 13:19:37 IST 2026","com.l2b.vendor.modules.earning.presentation.tests.EarningEdgeTest","EA-E2","com.l2b.vendor.modules.earning.presentation.tests.EarningEdgeTest","typeZeroAmount"
"Read the Home Upcoming Booking stat value, open See all, count Upcoming cards. A readable stat that disagrees with the list card count is a data-consistency defect (cross-checked against the list API in RB-A3). When the stat value cannot be read from the tree, the mismatch is recorded as an observation.","21116","RB-L14: Upcoming card count matches the Home Upcoming Booking stat","L2B RB-L14","Wed Sep 23 13:45:55 IST 2026","passed","Wed Sep 23 13:46:16 IST 2026","com.l2b.vendor.modules.bookings.presentation.tests.rentalbooking.RentalBookingLandingTest","RB-L14 upcomingCountMatchesHomeStat","com.l2b.vendor.modules.bookings.presentation.tests.rentalbooking.RentalBookingLandingTest","upcomingCountMatchesHomeStat"
"","42872","AC-I13: Back from Account then drawer close → Home","L2B Vendor Account ALL","Tue Sep 29 14:05:28 IST 2026","passed","Tue Sep 29 14:06:11 IST 2026","com.l2b.vendor.modules.settings.presentation.tests.AccountInteractTest","Account-Interact","com.l2b.vendor.modules.settings.presentation.tests.AccountInteractTest","backThenCloseDrawerHome"
"","16318","HS-I18: Call Support → number → recover Help","L2B Vendor Help dialer rerun","Thu Oct 01 12:27:29 IST 2026","passed","Thu Oct 01 12:27:46 IST 2026","com.l2b.vendor.modules.help.presentation.tests.HelpInteractTest","Help-Dialer-Rerun","com.l2b.vendor.modules.help.presentation.tests.HelpInteractTest","callSupportRecoverToHelp"
"9000000003 + 1234. Zero bookings must land on Home. Quick Booking must not appear.","40283","Case 9: Zero bookings go straight to Home, no Quick Booking","L2B Vendor Quick Booking","Fri Sep 18 12:33:35 IST 2026","passed","Fri Sep 18 12:34:15 IST 2026","com.l2b.vendor.modules.bookings.presentation.tests.QuickBookingTest","Quick Booking isolated","com.l2b.vendor.modules.bookings.presentation.tests.QuickBookingTest","zeroBookingsLandsOnHome"
"Tap the EditText, record whether qwerty keys are in the hierarchy, sendKeys letters/symbols, press KEYCODE_A. Field must not keep letters; Get OTP stays disabled.","19299","Case 5: Non-numeric input rejected; keyboard numeric-only","L2B Vendor","Thu Sep 17 16:30:50 IST 2026","passed","Thu Sep 17 16:31:09 IST 2026","com.l2b.vendor.modules.onboarding.presentation.tests.SignUpTest","08 Sign up screen edges","com.l2b.vendor.modules.onboarding.presentation.tests.SignUpTest","nonNumericInputRejected"
"","20344","HS-L16: Order ID → Your Bookings sheet tabs","L2B Vendor Help functional extras","Thu Oct 01 12:17:06 IST 2026","passed","Thu Oct 01 12:17:26 IST 2026","com.l2b.vendor.modules.help.presentation.tests.HelpLandingTest","Help-Landing-Extra","com.l2b.vendor.modules.help.presentation.tests.HelpLandingTest","orderIdOpensYourBookingsSheet"
"After customer cancel, pull-to-refresh / relaunch removes the card from QB.","31536","RB-E9: Cancelled booking disappears on refresh","L2B RB-E9","Thu Sep 24 12:30:15 IST 2026","passed","Thu Sep 24 12:30:46 IST 2026","com.l2b.vendor.modules.bookings.presentation.tests.rentalbooking.RentalBookingEdgeTest","RB-E9 cancelledBookingDisappearsOnRefresh","com.l2b.vendor.modules.bookings.presentation.tests.rentalbooking.RentalBookingEdgeTest","cancelledBookingDisappearsOnRefresh"
"Implemented in RentalBookingApiGapTest.countsAgreeAcrossSurfaces.","0","RB-A3 — LIVE in ApiGapTest","L2B RB-A4","Wed Sep 23 16:44:14 IST 2026","unknown","Wed Sep 23 16:44:14 IST 2026","com.l2b.vendor.modules.bookings.presentation.tests.rentalbooking.RentalBookingApiTest","RB-A4 detailMatchesCard","com.l2b.vendor.modules.bookings.presentation.tests.rentalbooking.RentalBookingApiTest","countsAgreeAcrossSurfaces"
"Dump-sourced: English row shows the Default badge. CheckBox checked is recorded if UiAutomator exposes it; dumps often leave checked=false on all four boxes.","8066","Case 1: Default English is pre-selected on first load","L2B Vendor","Thu Sep 24 10:47:22 IST 2026","passed","Thu Sep 24 10:47:30 IST 2026","com.l2b.vendor.modules.onboarding.presentation.tests.LanguageScreenTest","00b Language screen edges","com.l2b.vendor.modules.onboarding.presentation.tests.LanguageScreenTest","defaultEnglishPreselectedOnFirstLoad"
"","1872","Language screen","L2B Vendor","Wed Sep 23 11:15:06 IST 2026","passed","Wed Sep 23 11:15:08 IST 2026","com.l2b.vendor.modules.onboarding.presentation.tests.SmokeTest","02 Language screen","com.l2b.vendor.modules.onboarding.presentation.tests.SmokeTest","languageScreen"
"","15788","NT-E9: Mark all read then Back","L2B Vendor Notifications NT-E9","Mon Sep 28 12:39:08 IST 2026","passed","Mon Sep 28 12:39:24 IST 2026","com.l2b.vendor.modules.notifications.presentation.tests.NotificationsEdgeTest","NT-E9","com.l2b.vendor.modules.notifications.presentation.tests.NotificationsEdgeTest","markAllReadThenBack"
"Name + Capacity → Variant row → options → pick.","42134","FL-E5: Variant dropdown opens after Name + Capacity","L2B Vendor Fleet edge FL-E5","Fri Sep 25 13:18:20 IST 2026","passed","Fri Sep 25 13:19:02 IST 2026","com.l2b.vendor.modules.fleet.presentation.tests.FleetEdgeTest","FL-E5","com.l2b.vendor.modules.fleet.presentation.tests.FleetEdgeTest","variantDropdownOpensAfterCapacity"
"Spam Upcoming/Active/Completed while the list loads. No crash; final tab matches content.","77698","RB-E10: Tab switching while the list is loading","L2B RB-E10","Thu Sep 24 12:35:23 IST 2026","passed","Thu Sep 24 12:36:41 IST 2026","com.l2b.vendor.modules.bookings.presentation.tests.rentalbooking.RentalBookingEdgeTest","RB-E10 tabSwitchWhileLoading","com.l2b.vendor.modules.bookings.presentation.tests.rentalbooking.RentalBookingEdgeTest","tabSwitchWhileLoading"
"Dump 06: Previous month changes September → August.","21736","CA-I1: Previous month → August","L2B Vendor Calendar CA-I1","Mon Sep 28 11:01:09 IST 2026","passed","Mon Sep 28 11:01:31 IST 2026","com.l2b.vendor.modules.calendar.presentation.tests.CalendarInteractTest","CA-I1","com.l2b.vendor.modules.calendar.presentation.tests.CalendarInteractTest","previousMonth"
"","67031","RH-I2: About this stat / Current Earning — named overlay or Home","L2B RH-I2","Tue Sep 22 12:54:53 IST 2026","passed","Tue Sep 22 12:56:00 IST 2026","com.l2b.vendor.modules.home.presentation.tests.RentalHomeInteractTest","RH-I2 info","com.l2b.vendor.modules.home.presentation.tests.RentalHomeInteractTest","aboutThisStatOrEarning"
"","11689","NT-I1: Unread → All tab","L2B Vendor Notifications NT-I1","Mon Sep 28 12:17:36 IST 2026","passed","Mon Sep 28 12:17:48 IST 2026","com.l2b.vendor.modules.notifications.presentation.tests.NotificationsInteractTest","NT-I1","com.l2b.vendor.modules.notifications.presentation.tests.NotificationsInteractTest","unreadToAllTab"
"Dump 10: Log Out? + body + Cancel + Log out. Cancel only — never confirm.","35174","PD-L9: Log Out opens confirm dialog chrome","L2B Vendor Profile drawer ALL","Tue Sep 29 12:20:57 IST 2026","passed","Tue Sep 29 12:21:32 IST 2026","com.l2b.vendor.modules.settings.presentation.tests.ProfileDrawerLandingTest","ProfileDrawer-Landing","com.l2b.vendor.modules.settings.presentation.tests.ProfileDrawerLandingTest","logOutOpensDialogChrome"
"Dump-sourced EditText. Observed max length 4 (12345 kept 1234). Type 123. Continue outer View must stay enabled=false.","9793","Case 2: Fewer than 4 digits — Continue stays disabled","L2B Vendor","Thu Sep 17 16:39:38 IST 2026","passed","Thu Sep 17 16:39:48 IST 2026","com.l2b.vendor.modules.onboarding.presentation.tests.OTPScreenTest","09 OTP screen edges","com.l2b.vendor.modules.onboarding.presentation.tests.OTPScreenTest","fewerDigitsLeaveContinueDisabled"
"Tap day 28 (dump today). Expect heading + Start Task or empty — stay Schedule.","36944","CA-L10: today agenda or empty without crash","L2B Vendor Calendar CA-L10","Mon Sep 28 10:56:54 IST 2026","passed","Mon Sep 28 10:57:31 IST 2026","com.l2b.vendor.modules.calendar.presentation.tests.CalendarLandingTest","CA-L10","com.l2b.vendor.modules.calendar.presentation.tests.CalendarLandingTest","todayDayLoads"
"Change the operator on an assigned Upcoming card and Confirm. Calendar and team views for the new window show the new operator; the old operator is freed.","80732","RB-S11: Change operator propagates to calendar and team","L2B RB-S11","Thu Sep 24 11:23:52 IST 2026","passed","Thu Sep 24 11:25:12 IST 2026","com.l2b.vendor.modules.bookings.presentation.tests.rentalbooking.RentalBookingLifecycleTest","RB-S11 changeOperatorPropagates","com.l2b.vendor.modules.bookings.presentation.tests.rentalbooking.RentalBookingLifecycleTest","changeOperatorPropagates"
"Implemented in RentalBookingApiGapTest.","0","RB-A14 — LIVE in ApiGapTest","L2B RB-A4","Wed Sep 23 16:44:14 IST 2026","unknown","Wed Sep 23 16:44:14 IST 2026","com.l2b.vendor.modules.bookings.presentation.tests.rentalbooking.RentalBookingApiTest","RB-A4 detailMatchesCard","com.l2b.vendor.modules.bookings.presentation.tests.rentalbooking.RentalBookingApiTest","acceptedBookingPropagates"
"Close (Home may be covered by extend-time dialog #15), terminateApp + activateApp. Pending rentals should reopen Quick Booking. Do not tap Accept/Decline.","22029","Landing-10: Reopen after Close still shows the pending queue","L2B Vendor Quick Booking landing — rental owner 9000000001","Fri Sep 18 15:44:42 IST 2026","passed","Fri Sep 18 15:45:04 IST 2026","com.l2b.vendor.modules.quickbooking.presentation.tests.QuickBookingLandingTest","Quick Booking landing","com.l2b.vendor.modules.quickbooking.presentation.tests.QuickBookingLandingTest","reopenAfterCloseStillShowsQueue"
"","38005","NT-E1: rapid Unread↔All flip stays Vendor","L2B Vendor Notifications NT-E1","Mon Sep 28 12:30:35 IST 2026","passed","Mon Sep 28 12:31:13 IST 2026","com.l2b.vendor.modules.notifications.presentation.tests.NotificationsEdgeTest","NT-E1","com.l2b.vendor.modules.notifications.presentation.tests.NotificationsEdgeTest","rapidTabFlip"
"","10558","H-I8: horizontal swipe on Upcoming Orders strip","L2B Vendor Home interact 9000000017","Mon Sep 21 10:12:37 IST 2026","passed","Mon Sep 21 10:12:47 IST 2026","com.l2b.vendor.modules.home.presentation.tests.HomeInteractTest","Home interact one case","com.l2b.vendor.modules.home.presentation.tests.HomeInteractTest","swipeUpcomingStrip"
"Live 25 Sep: Change sheet must scroll to reveal Select. Picking a second driver adds Secondary Operator (Primary stays). Toggle that driver off + Select restores single Operator. Dump 07/08 + live probe.","62371","FL-I9: Change operator picks another driver (Secondary) then restore","L2B Vendor Fleet interact FL-I9","Fri Sep 25 13:10:49 IST 2026","passed","Fri Sep 25 13:11:52 IST 2026","com.l2b.vendor.modules.fleet.presentation.tests.FleetInteractTest","FL-I9","com.l2b.vendor.modules.fleet.presentation.tests.FleetInteractTest","changeOperatorToAnotherDriverAndRestore"
"List #40. Needs a second client or backend seed. Not runnable on 0001 alone.","5","Edge-13: Already accepted/declined elsewhere","L2B Vendor Quick Booking edges — rental owner 9000000001","Fri Sep 18 16:36:09 IST 2026","skipped","Fri Sep 18 16:36:09 IST 2026","com.l2b.vendor.modules.quickbooking.presentation.tests.QuickBookingEdgeCasesTest","Quick Booking edge cases","com.l2b.vendor.modules.quickbooking.presentation.tests.QuickBookingEdgeCasesTest","alreadyAcceptedOrDeclinedElsewhereIsHandled"
"Placeholder: simulate backend down without touching shared QA. Not run until a local stub exists.","0","TODO: No isolated stub for QA.waardian.com; enabling this would interfere with the shared QA env.: Case 22: Backend unreachable at OTP submit","L2B Vendor OTP isolated","Sun Sep 20 21:03:07 IST 2026","unknown","Sun Sep 20 21:03:07 IST 2026","com.l2b.vendor.modules.onboarding.presentation.tests.OTPScreenTest","OTP case 24","com.l2b.vendor.modules.onboarding.presentation.tests.OTPScreenTest","backendUnreachableOnOtpSubmit"
"Clipboard 5678 + KEYCODE_PASTE. If still on OTP, field is 5678. Record landing.","9126","Case 5: Paste 4-digit numeric string fills the field","L2B Vendor","Thu Sep 17 16:40:16 IST 2026","passed","Thu Sep 17 16:40:25 IST 2026","com.l2b.vendor.modules.onboarding.presentation.tests.OTPScreenTest","09 OTP screen edges","com.l2b.vendor.modules.onboarding.presentation.tests.OTPScreenTest","pasteValidLengthNumericFillsField"
"Missing token already covered by lifecycle. This case invalidates via logout-all then retries list/detail/accept — expect 401, not 200 with data.","2673","RB-A11: endpoints reject missing and expired tokens","L2B RB-A11","Thu Sep 24 13:15:52 IST 2026","passed","Thu Sep 24 13:15:55 IST 2026","com.l2b.vendor.modules.bookings.data.api.RentalBookingApiGapTest","RB-A11 endpointsRejectExpiredToken","com.l2b.vendor.modules.bookings.data.api.RentalBookingApiGapTest","endpointsRejectExpiredToken"
"","40552","RH-E5: force-stop + relaunch without pm clear","L2B RH-E5","Tue Sep 22 12:34:23 IST 2026","passed","Tue Sep 22 12:35:04 IST 2026","com.l2b.vendor.modules.home.presentation.tests.RentalHomeEdgeTest","RH-E5 relaunch","com.l2b.vendor.modules.home.presentation.tests.RentalHomeEdgeTest","relaunchWithoutClear"
"","34199","HS-L3: intro + Working Hours 8:00 AM – 8:00 PM","L2B Vendor Help and Support ALL","Thu Oct 01 11:37:06 IST 2026","passed","Thu Oct 01 11:37:40 IST 2026","com.l2b.vendor.modules.help.presentation.tests.HelpLandingTest","Help-Landing","com.l2b.vendor.modules.help.presentation.tests.HelpLandingTest","introAndWorkingHours"
"From Earning, Calendar tab → Schedule.","43163","EA-I10: Calendar tab from Earning","L2B Vendor Earning EA-I10","Sat Sep 26 13:12:44 IST 2026","passed","Sat Sep 26 13:13:27 IST 2026","com.l2b.vendor.modules.earning.presentation.tests.EarningInteractTest","EA-I10","com.l2b.vendor.modules.earning.presentation.tests.EarningInteractTest","calendarTabFromEarning"
"Regression lock on the live full-flow seed L2B-RNT-2026-1837E2.","468","RB-API-8: completed booking 1837E2 stays completed","L2B Rental Booking Lifecycle API","Wed Sep 23 11:30:42 IST 2026","passed","Wed Sep 23 11:30:42 IST 2026","com.l2b.vendor.modules.bookings.data.api.RentalBookingLifecycleApiTest","Rental Booking lifecycle API","com.l2b.vendor.modules.bookings.data.api.RentalBookingLifecycleApiTest","completedFullFlowSeedRemainsCompleted"
"","12374","PD-E14: all rows still present after Cancel","L2B Vendor Profile drawer ALL","Tue Sep 29 12:51:06 IST 2026","passed","Tue Sep 29 12:51:18 IST 2026","com.l2b.vendor.modules.settings.presentation.tests.ProfileDrawerEdgeTest","ProfileDrawer-Edge","com.l2b.vendor.modules.settings.presentation.tests.ProfileDrawerEdgeTest","allRowsAfterLogoutCancel"
"","14952","LS-E7: Hindi → Account reflects","L2B Vendor Language settings ALL","Thu Oct 01 15:53:44 IST 2026","passed","Thu Oct 01 15:53:59 IST 2026","com.l2b.vendor.modules.settings.presentation.tests.LanguageSettingsEdgeTest","LanguageSettings-Edge","com.l2b.vendor.modules.settings.presentation.tests.LanguageSettingsEdgeTest","hindiAccountReflects"
"Help → Back → Help again. Stay in Vendor; end on Earning or Help.","46393","EA-E5: rapid Help open/close","L2B Vendor Earning EA-E5","Sat Sep 26 13:32:25 IST 2026","passed","Sat Sep 26 13:33:11 IST 2026","com.l2b.vendor.modules.earning.presentation.tests.EarningEdgeTest","EA-E5","com.l2b.vendor.modules.earning.presentation.tests.EarningEdgeTest","rapidHelpOpenClose"
"On a second seed booking, tap Decline, pick a reason, confirm. The request disappears from the queue and the customer side reflects the decline. Backend: decline reason persisted (RB-A7).","29909","RB-S8: Decline with a reason removes the request","L2B RB-S8","Thu Sep 24 11:05:38 IST 2026","passed","Thu Sep 24 11:06:07 IST 2026","com.l2b.vendor.modules.bookings.presentation.tests.rentalbooking.RentalBookingLifecycleTest","RB-S8 declineWithReasonRemovesRequest","com.l2b.vendor.modules.bookings.presentation.tests.rentalbooking.RentalBookingLifecycleTest","declineWithReasonRemovesRequest"
"Home must not show Close app bar, Quick Booking title+Close, or Request to extend time. Do not tap.","10610","H-L7: no Quick Booking overlay or extend-time dialog","L2B Vendor Home landing 9000000017","Mon Sep 21 10:07:43 IST 2026","passed","Mon Sep 21 10:07:54 IST 2026","com.l2b.vendor.modules.home.presentation.tests.HomeLandingTest","Home landing H-L7 only","com.l2b.vendor.modules.home.presentation.tests.HomeLandingTest","noQuickBookingOverlay"
"","41","prepareOnboardingEnvironment","L2B Vendor Language reflection E2E","Thu Oct 01 16:37:38 IST 2026","broken","Thu Oct 01 16:37:38 IST 2026","com.l2b.vendor.modules.settings.presentation.tests.LanguageReflectionE2ETest","Language-Reflection-E2E","com.l2b.vendor.modules.settings.presentation.tests.LanguageReflectionE2ETest","prepareOnboardingEnvironment"
"Re-tap Calendar — stay Schedule, no flash to Home.","36969","CA-E11: Calendar tab while already on Calendar","L2B Vendor Calendar CA-E11","Mon Sep 28 11:32:34 IST 2026","passed","Mon Sep 28 11:33:11 IST 2026","com.l2b.vendor.modules.calendar.presentation.tests.CalendarEdgeTest","CA-E11","com.l2b.vendor.modules.calendar.presentation.tests.CalendarEdgeTest","retapCalendarTab"
"Clipboard hello!! + PASTE. Field must not keep letters. Vendor package stays up.","9516","Case 7: Paste non-numeric string — rejected, no crash","L2B Vendor","Thu Sep 17 16:40:42 IST 2026","passed","Thu Sep 17 16:40:51 IST 2026","com.l2b.vendor.modules.onboarding.presentation.tests.OTPScreenTest","09 OTP screen edges","com.l2b.vendor.modules.onboarding.presentation.tests.OTPScreenTest","pasteNonNumericRejectedNoCrash"
"9000000017 on Quick Booking. Tap Close. Must reach Home, not OTP. Do not tap Accept/Decline.","10275","Case 6: Material Quick Booking Close goes to Home","L2B Vendor Quick Booking","Fri Sep 18 12:30:13 IST 2026","passed","Fri Sep 18 12:30:23 IST 2026","com.l2b.vendor.modules.bookings.presentation.tests.QuickBookingTest","Quick Booking isolated","com.l2b.vendor.modules.bookings.presentation.tests.QuickBookingTest","materialCloseGoesToHome"
"","10462","H-I9c: tap Inventory tab — leaves Home, no deep-test","L2B Vendor Home interact 9000000017","Mon Sep 21 10:13:59 IST 2026","passed","Mon Sep 21 10:14:09 IST 2026","com.l2b.vendor.modules.home.presentation.tests.HomeInteractTest","Home interact one case","com.l2b.vendor.modules.home.presentation.tests.HomeInteractTest","tapInventoryTab"
"Add Machine → Back → Your Fleet; bottom tabs stay. Dump 25 Sep 05-after-add-back.","13000","FL-I6: Back from Add Machine returns to Your Fleet","L2B Vendor Fleet interact FL-I6","Fri Sep 25 12:45:19 IST 2026","passed","Fri Sep 25 12:45:32 IST 2026","com.l2b.vendor.modules.fleet.presentation.tests.FleetInteractTest","FL-I6","com.l2b.vendor.modules.fleet.presentation.tests.FleetInteractTest","backFromAddMachineReturnsFleet"
"Notification is a stack — Calendar/Earning/Fleet tabs must not show.","24200","NT-L8: bottom tabs gone (stack screen)","L2B Vendor Notifications NT-L8","Mon Sep 28 12:14:52 IST 2026","passed","Mon Sep 28 12:15:16 IST 2026","com.l2b.vendor.modules.notifications.presentation.tests.NotificationsLandingTest","NT-L8","com.l2b.vendor.modules.notifications.presentation.tests.NotificationsLandingTest","bottomTabsGone"
"","10284","H-I6: tap Disputes Orders stat — document destination","L2B Vendor Home interact 9000000017","Mon Sep 21 10:11:43 IST 2026","passed","Mon Sep 21 10:11:53 IST 2026","com.l2b.vendor.modules.home.presentation.tests.HomeInteractTest","Home interact one case","com.l2b.vendor.modules.home.presentation.tests.HomeInteractTest","tapDisputesOrdersStat"
"Live 0001 dump: KA13Z2117, KA02MH2612, MH12SD4444 + Tata Ace; Status Active.","16156","FL-L5: list shows Active machines with fleet plates","L2B Vendor Fleet landing l5","Fri Sep 25 12:38:39 IST 2026","passed","Fri Sep 25 12:38:55 IST 2026","com.l2b.vendor.modules.fleet.presentation.tests.FleetLandingTest","l5","com.l2b.vendor.modules.fleet.presentation.tests.FleetLandingTest","activeMachinesWithPlates"
"Ensure FLNOD* exists (seed if needed) → long-press → Delete → confirm. Plate gone.","19790","FL-I16: Delete Confirm removes disposable FLNOD* machine","L2B Vendor Fleet interact FL-I16","Fri Sep 25 15:16:57 IST 2026","passed","Fri Sep 25 15:17:17 IST 2026","com.l2b.vendor.modules.fleet.presentation.tests.FleetInteractTest","FL-I16","com.l2b.vendor.modules.fleet.presentation.tests.FleetInteractTest","deleteConfirmRemovesDisposableMachine"
"","63805","RH-E11: airplane mode while timer is ticking","L2B RH-E11","Tue Sep 22 12:39:46 IST 2026","passed","Tue Sep 22 12:40:50 IST 2026","com.l2b.vendor.modules.home.presentation.tests.RentalHomeEdgeTest","RH-E11 timer offline","com.l2b.vendor.modules.home.presentation.tests.RentalHomeEdgeTest","offlineWhileTimerTicks"
"First card (1 day) and second card (20 days) from dump. Do not tap Accept/Decline.","18762","Landing-14: Different date ranges and durations display on cards","L2B Vendor Quick Booking landing — rental owner 9000000001","Fri Sep 18 15:41:20 IST 2026","passed","Fri Sep 18 15:41:39 IST 2026","com.l2b.vendor.modules.quickbooking.presentation.tests.QuickBookingLandingTest","Quick Booking landing","com.l2b.vendor.modules.quickbooking.presentation.tests.QuickBookingLandingTest","startEndDurationDisplayOnCard"
"9000000003 + 1234. Auto-submit on 4th digit. Must reach Home identity (greeting or Current Earning) and must not treat Quick Booking as Home.","14799","Case 23: Correct OTP lands on Home with a session","L2B Vendor OTP isolated","Sun Sep 20 21:02:38 IST 2026","passed","Sun Sep 20 21:02:53 IST 2026","com.l2b.vendor.modules.onboarding.presentation.tests.OTPScreenTest","OTP case 23","com.l2b.vendor.modules.onboarding.presentation.tests.OTPScreenTest","correctOtpLandsOnHomeWithSession"
"9000000017. First screen must show two pending cards (Accept >= 2, matching Decline, both pickup dates). Do not tap Accept/Decline.","9679","Material-Landing-2: two pending material cards","L2B Vendor Material Quick Booking landing 9000000017","Sat Sep 19 15:29:18 IST 2026","passed","Sat Sep 19 15:29:28 IST 2026","com.l2b.vendor.modules.quickbooking.presentation.tests.MaterialQuickBookingLandingTest","Material Quick Booking landing","com.l2b.vendor.modules.quickbooking.presentation.tests.MaterialQuickBookingLandingTest","twoPendingCardsVisible"
"","40135","LS-E2: layout soft","L2B Vendor Language settings ALL","Thu Oct 01 15:48:08 IST 2026","passed","Thu Oct 01 15:48:48 IST 2026","com.l2b.vendor.modules.settings.presentation.tests.LanguageSettingsEdgeTest","LanguageSettings-Edge","com.l2b.vendor.modules.settings.presentation.tests.LanguageSettingsEdgeTest","layoutSoft"
"","34140","PD-I14: Manage team row opens then Back","L2B Vendor Profile drawer ALL","Tue Sep 29 11:44:18 IST 2026","passed","Tue Sep 29 11:44:52 IST 2026","com.l2b.vendor.modules.settings.presentation.tests.ProfileDrawerInteractTest","ProfileDrawer-Interact","com.l2b.vendor.modules.settings.presentation.tests.ProfileDrawerInteractTest","manageTeamOpensThenBack"
"","14832","LS-I7: device Back → drawer","L2B Vendor Language settings ALL","Thu Oct 01 15:43:35 IST 2026","passed","Thu Oct 01 15:43:50 IST 2026","com.l2b.vendor.modules.settings.presentation.tests.LanguageSettingsInteractTest","LanguageSettings-Interact","com.l2b.vendor.modules.settings.presentation.tests.LanguageSettingsInteractTest","deviceBackToDrawer"
"Type 100 into Enter Amount. Never tap Withdraw Money.","35111","EA-I5: type amount in EditText (no confirm)","L2B Vendor Earning EA-I5","Sat Sep 26 13:06:38 IST 2026","passed","Sat Sep 26 13:07:13 IST 2026","com.l2b.vendor.modules.earning.presentation.tests.EarningInteractTest","EA-I5","com.l2b.vendor.modules.earning.presentation.tests.EarningInteractTest","typeAmountNoConfirm"
"","13305","HS-I2: Raise Ticket → Back → Help","L2B Vendor Help and Support ALL","Thu Oct 01 11:42:39 IST 2026","passed","Thu Oct 01 11:42:53 IST 2026","com.l2b.vendor.modules.help.presentation.tests.HelpInteractTest","Help-Interact","com.l2b.vendor.modules.help.presentation.tests.HelpInteractTest","raiseTicketBackToHelp"
"Calendar·Home·Earning·Fleet stay; centers roughly evenly spaced.","39401","CA-L9: bottom tabs stay + even spacing","L2B Vendor Calendar CA-L9","Mon Sep 28 10:55:44 IST 2026","passed","Mon Sep 28 10:56:23 IST 2026","com.l2b.vendor.modules.calendar.presentation.tests.CalendarLandingTest","CA-L9","com.l2b.vendor.modules.calendar.presentation.tests.CalendarLandingTest","bottomTabsLayout"
"After the decline, the booking is absent from Upcoming, Active, and Completed, and absent from the list API for this vendor.","68660","RB-S9: declined booking is in no vendor bucket","L2B RB-S9","Thu Sep 24 11:07:21 IST 2026","passed","Thu Sep 24 11:08:30 IST 2026","com.l2b.vendor.modules.bookings.presentation.tests.rentalbooking.RentalBookingLifecycleTest","RB-S9 declinedBookingNotInAnyBucket","com.l2b.vendor.modules.bookings.presentation.tests.rentalbooking.RentalBookingLifecycleTest","declinedBookingNotInAnyBucket"
"Wait for Resend OTP, logcat -c, three clickGestures. Count resend-otp/send-otp. Countdown must restart once; remaining seconds must not jump up again.","74161","Case 14: Rapid 3x Resend — only one OTP send","L2B Vendor","Thu Sep 17 16:45:09 IST 2026","passed","Thu Sep 17 16:46:23 IST 2026","com.l2b.vendor.modules.onboarding.presentation.tests.OTPScreenTest","09 OTP screen edges","com.l2b.vendor.modules.onboarding.presentation.tests.OTPScreenTest","rapidTripleTapResendSendsOnce"
"Dump 01: Wallet Balance + Incentive labels with ₹ amounts.","36163","EA-L3: Wallet Balance + Incentive amounts","L2B Vendor Earning EA-L3","Sat Sep 26 12:52:20 IST 2026","passed","Sat Sep 26 12:52:56 IST 2026","com.l2b.vendor.modules.earning.presentation.tests.EarningLandingTest","EA-L3","com.l2b.vendor.modules.earning.presentation.tests.EarningLandingTest","walletAndIncentiveAmounts"
"21 (empty) then 25 (booked) updates agenda.","46331","CA-I6: switch empty → booked day","L2B Vendor Calendar CA-I6","Mon Sep 28 11:06:22 IST 2026","passed","Mon Sep 28 11:07:09 IST 2026","com.l2b.vendor.modules.calendar.presentation.tests.CalendarInteractTest","CA-I6","com.l2b.vendor.modules.calendar.presentation.tests.CalendarInteractTest","switchEmptyToBooked"
"","15111","LS-L1: drawer Language → Choose the language","L2B Vendor Language settings ALL","Thu Oct 01 15:36:27 IST 2026","passed","Thu Oct 01 15:36:42 IST 2026","com.l2b.vendor.modules.settings.presentation.tests.LanguageSettingsLandingTest","LanguageSettings-Landing","com.l2b.vendor.modules.settings.presentation.tests.LanguageSettingsLandingTest","languageOpensFromDrawer"
"Device Back from Quick Booking. Observed earlier on 0017: launcher (BUGS_FOUND #13). Skip if login is already Home. Do not tap Accept/Decline.","9502","Material-Edge-3: Back from Quick Booking — named landing, no crash","L2B Vendor Material Quick Booking edges 9000000017","Sat Sep 19 16:38:52 IST 2026","skipped","Sat Sep 19 16:39:02 IST 2026","com.l2b.vendor.modules.quickbooking.presentation.tests.MaterialQuickBookingEdgeCasesTest","Material Quick Booking edges","com.l2b.vendor.modules.quickbooking.presentation.tests.MaterialQuickBookingEdgeCasesTest","backNamedLanding"
"Valid number + terms, terminateApp + activateApp without pm clear. Record landing. Expected reset: empty Sign up or language first-launch.","29101","Case 23: Force-kill + relaunch mid-entry — expected reset","L2B Vendor","Thu Sep 17 16:38:12 IST 2026","passed","Thu Sep 17 16:38:41 IST 2026","com.l2b.vendor.modules.onboarding.presentation.tests.SignUpTest","08 Sign up screen edges","com.l2b.vendor.modules.onboarding.presentation.tests.SignUpTest","forceKillRelaunchMidEntryResets"
"list / detail / accept without Authorization must be 401, never 200 with data.","231","RB-API-2: bookings endpoints reject missing token","L2B Rental Booking Lifecycle API","Wed Sep 23 11:30:39 IST 2026","passed","Wed Sep 23 11:30:39 IST 2026","com.l2b.vendor.modules.bookings.data.api.RentalBookingLifecycleApiTest","Rental Booking lifecycle API","com.l2b.vendor.modules.bookings.data.api.RentalBookingLifecycleApiTest","endpointsRejectMissingToken"
"","34201","PD-L11: Company code L2B- prefix","L2B Vendor Profile drawer ALL","Tue Sep 29 12:23:22 IST 2026","passed","Tue Sep 29 12:23:56 IST 2026","com.l2b.vendor.modules.settings.presentation.tests.ProfileDrawerLandingTest","ProfileDrawer-Landing","com.l2b.vendor.modules.settings.presentation.tests.ProfileDrawerLandingTest","companyCodePrefix"
"Dump 03: 25 Sep shows Started/Completed/Start Task + machine names.","46085","CA-L8: booked day agenda chrome (day 25)","L2B Vendor Calendar CA-L8","Mon Sep 28 10:54:24 IST 2026","passed","Mon Sep 28 10:55:10 IST 2026","com.l2b.vendor.modules.calendar.presentation.tests.CalendarLandingTest","CA-L8","com.l2b.vendor.modules.calendar.presentation.tests.CalendarLandingTest","bookedDayAgendaChrome"
"Tap the Active tab (navigation only). Exactly one of: at least one active card, or the copy 'No active bookings.' A blank body with neither is a new Bookings bug.","45927","RB-L10: Active tab renders a list or the empty state","L2B RB-L10","Wed Sep 23 13:10:32 IST 2026","passed","Wed Sep 23 13:11:18 IST 2026","com.l2b.vendor.modules.bookings.presentation.tests.rentalbooking.RentalBookingLandingTest","RB-L10 activeTabListOrEmptyState","com.l2b.vendor.modules.bookings.presentation.tests.rentalbooking.RentalBookingLandingTest","activeTabListOrEmptyState"
"","52076","RH-E3: background then foreground","L2B RH-E3","Tue Sep 22 12:31:34 IST 2026","passed","Tue Sep 22 12:32:26 IST 2026","com.l2b.vendor.modules.home.presentation.tests.RentalHomeEdgeTest","RH-E3 bg","com.l2b.vendor.modules.home.presentation.tests.RentalHomeEdgeTest","backgroundThenForeground"
"","12537","NT-I3: View all notifications → All content","L2B Vendor Notifications NT-I3","Mon Sep 28 12:18:33 IST 2026","passed","Mon Sep 28 12:18:45 IST 2026","com.l2b.vendor.modules.notifications.presentation.tests.NotificationsInteractTest","NT-I3","com.l2b.vendor.modules.notifications.presentation.tests.NotificationsInteractTest","viewAllSwitchesToList"
"Ensure we never leave Accept confirmed — stay Vendor, recoverable.","51065","NT-E12: after View Details dismiss no Accept left committed","L2B Vendor Notifications NT-E12","Mon Sep 28 12:41:32 IST 2026","passed","Mon Sep 28 12:42:24 IST 2026","com.l2b.vendor.modules.notifications.presentation.tests.NotificationsEdgeTest","NT-E12","com.l2b.vendor.modules.notifications.presentation.tests.NotificationsEdgeTest","afterDetailsNoAcceptCommitted"
"","36215","AC-I14: read-mode chrome intact after photo","L2B Vendor Account ALL","Tue Sep 29 14:06:38 IST 2026","passed","Tue Sep 29 14:07:14 IST 2026","com.l2b.vendor.modules.settings.presentation.tests.AccountInteractTest","Account-Interact","com.l2b.vendor.modules.settings.presentation.tests.AccountInteractTest","chromeIntactAfterPhoto"
"","10618","H-I9b: tap Earning tab — leaves Home, no deep-test","L2B Vendor Home interact 9000000017","Mon Sep 21 10:13:30 IST 2026","passed","Mon Sep 21 10:13:40 IST 2026","com.l2b.vendor.modules.home.presentation.tests.HomeInteractTest","Home interact one case","com.l2b.vendor.modules.home.presentation.tests.HomeInteractTest","tapEarningTab"
"","14610","HS-E2: rapid Raise Ticket open/Back stays Vendor","L2B Vendor Help and Support ALL","Thu Oct 01 11:48:09 IST 2026","passed","Thu Oct 01 11:48:24 IST 2026","com.l2b.vendor.modules.help.presentation.tests.HelpEdgeTest","Help-Edge","com.l2b.vendor.modules.help.presentation.tests.HelpEdgeTest","rapidRaiseTicketBackStaysVendor"
"","13664","AC-L5: Company Info + Update","L2B Vendor Account ALL","Tue Sep 29 13:47:23 IST 2026","passed","Tue Sep 29 13:47:36 IST 2026","com.l2b.vendor.modules.settings.presentation.tests.AccountLandingTest","Account-Landing","com.l2b.vendor.modules.settings.presentation.tests.AccountLandingTest","companyInfoAndUpdate"
"Cold start, first-launch to OTP, 1234. Record whether Quick Booking appears before Home.","25428","Discovery: 9000000017 material vendor after OTP","L2B Vendor Quick Booking landing discovery","Fri Sep 18 12:00:45 IST 2026","passed","Fri Sep 18 12:01:11 IST 2026","com.l2b.vendor.modules.onboarding.presentation.tests.QuickBookingLandingDiscovery","Discovery 9000000017","com.l2b.vendor.modules.onboarding.presentation.tests.QuickBookingLandingDiscovery","observeMaterial0017"
"9000000017 + 1234. pending_vendor_acceptance orders must open Quick Booking with Order Placed / Pickup scheduled / Accept / Decline. Do not tap Accept/Decline.","9642","Case 5: Material pending_vendor_acceptance lands on Quick Booking","L2B Vendor Quick Booking","Fri Sep 18 12:29:49 IST 2026","passed","Fri Sep 18 12:29:59 IST 2026","com.l2b.vendor.modules.bookings.presentation.tests.QuickBookingTest","Quick Booking isolated","com.l2b.vendor.modules.bookings.presentation.tests.QuickBookingTest","materialPendingLandsOnQuickBooking"
"BUGS_FOUND #40: Log Out / Company Id remain English.","12554","LS-E14: drawer Log Out stays EN (#40)","L2B Vendor Language settings failed rerun","Thu Oct 01 16:11:23 IST 2026","passed","Thu Oct 01 16:11:36 IST 2026","com.l2b.vendor.modules.settings.presentation.tests.LanguageSettingsEdgeTest","Language-Failed-Rerun","com.l2b.vendor.modules.settings.presentation.tests.LanguageSettingsEdgeTest","drawerLogOutStaysEnglishBug40"
"List #12. Open Assign machine online, disable radios, tap Confirm. Record offline copy vs silent no-op. Radios restored in AfterMethod. Do not tap Decline.","14567","Accept-5: Network drop during Accept shows feedback, no crash","L2B Vendor Quick Booking accept — rental owner 9000000001","Fri Sep 18 16:19:54 IST 2026","passed","Fri Sep 18 16:20:09 IST 2026","com.l2b.vendor.modules.quickbooking.presentation.tests.QuickBookingAcceptTest","Quick Booking accept","com.l2b.vendor.modules.quickbooking.presentation.tests.QuickBookingAcceptTest","networkDropDuringAcceptShowsFeedback"
"Live 15 Sep 2026: Skip does not bypass to Sign up. It behaves like Next — slide 2 'Manage Everything In One Place'. Logged as BUGS_FOUND #2.","4432","Case 3: Skip on slide 1 advances to slide 2 (same as Next)","L2B Vendor","Wed Sep 23 11:15:32 IST 2026","passed","Wed Sep 23 11:15:36 IST 2026","com.l2b.vendor.modules.onboarding.presentation.tests.OnboardingCarouselTest","07 Onboarding carousel edges","com.l2b.vendor.modules.onboarding.presentation.tests.OnboardingCarouselTest","skipFromSlideOneGoesToSlideTwo"
"","12214","LS-L10: soft layout batch","L2B Vendor Language settings ALL","Thu Oct 01 15:40:09 IST 2026","passed","Thu Oct 01 15:40:21 IST 2026","com.l2b.vendor.modules.settings.presentation.tests.LanguageSettingsLandingTest","LanguageSettings-Landing","com.l2b.vendor.modules.settings.presentation.tests.LanguageSettingsLandingTest","softLayoutBatch"
"Background/foreground the permission dialog, then force-stop and relaunch: clean GrantPermissions UI.","23009","Force-stop mid-splash then relaunch","L2B Vendor","Thu Sep 24 10:44:26 IST 2026","passed","Thu Sep 24 10:44:49 IST 2026","com.l2b.vendor.modules.onboarding.presentation.tests.SplashScreenTest","00 Splash screen edges","com.l2b.vendor.modules.onboarding.presentation.tests.SplashScreenTest","forceStopThenRelaunchAndBackground"
"Never tap Log out confirm. Cancel returns to drawer, still Vendor.","35339","PD-I5: Log Out → Cancel stays drawer","L2B Vendor Profile drawer ALL","Tue Sep 29 12:30:12 IST 2026","passed","Tue Sep 29 12:30:47 IST 2026","com.l2b.vendor.modules.settings.presentation.tests.ProfileDrawerInteractTest","ProfileDrawer-Interact","com.l2b.vendor.modules.settings.presentation.tests.ProfileDrawerInteractTest","logOutCancelStaysDrawer"
"API has 5 pending. First screen must show at least two cards (Accept count >= 2). Do not tap Accept/Decline.","12542","0001-10: Queue shows more than one pending card","L2B Vendor Quick Booking — rental company 9000000001","Fri Sep 18 14:49:42 IST 2026","passed","Fri Sep 18 14:49:55 IST 2026","com.l2b.vendor.modules.bookings.presentation.tests.quickbooking.RentalCompanyQuickBookingTest","Rental company Quick Booking","com.l2b.vendor.modules.bookings.presentation.tests.quickbooking.RentalCompanyQuickBookingTest","queueShowsAtLeastTwoPendingCards"
"","648","Onboarding slide 1","L2B Vendor","Wed Sep 23 11:15:08 IST 2026","passed","Wed Sep 23 11:15:08 IST 2026","com.l2b.vendor.modules.onboarding.presentation.tests.SmokeTest","03 Onboarding slide 1","com.l2b.vendor.modules.onboarding.presentation.tests.SmokeTest","onboardingSlideOne"
"Type 01, HOME, wait ~3s, activateApp. Record digits and resend seconds vs wall time.","12527","Case 18: Background/foreground mid-entry — digits and timer","L2B Vendor","Thu Sep 17 16:48:27 IST 2026","passed","Thu Sep 17 16:48:40 IST 2026","com.l2b.vendor.modules.onboarding.presentation.tests.OTPScreenTest","09 OTP screen edges","com.l2b.vendor.modules.onboarding.presentation.tests.OTPScreenTest","backgroundForegroundMidEntryPersists"
"","35897","PD-E10: Refer & Earn then Back recovers","L2B Vendor Profile drawer ALL","Tue Sep 29 11:55:23 IST 2026","passed","Tue Sep 29 11:55:59 IST 2026","com.l2b.vendor.modules.settings.presentation.tests.ProfileDrawerEdgeTest","ProfileDrawer-Edge","com.l2b.vendor.modules.settings.presentation.tests.ProfileDrawerEdgeTest","referThenBackRecovers"
"","14025","RH-I4: Completed Task card — named landing","L2B RH-I4","Tue Sep 22 12:14:42 IST 2026","passed","Tue Sep 22 12:14:56 IST 2026","com.l2b.vendor.modules.home.presentation.tests.RentalHomeInteractTest","RH-I4 completed","com.l2b.vendor.modules.home.presentation.tests.RentalHomeInteractTest","tapCompletedTask"
"Dump 06: See all opens Rentals list with Mark all read.","19520","NT-I4: See all → Rentals category + Mark all read","L2B Vendor Notifications NT-I4","Mon Sep 28 12:19:01 IST 2026","passed","Mon Sep 28 12:19:21 IST 2026","com.l2b.vendor.modules.notifications.presentation.tests.NotificationsInteractTest","NT-I4","com.l2b.vendor.modules.notifications.presentation.tests.NotificationsInteractTest","seeAllOpensCategory"
"QA phone + terms, logcat -c, three clickGestures on Get OTP. Count send-otp in logcat. OTP chrome should appear once. Does not submit OTP.","8242","Case 17: Rapid 3x Get OTP — only one send-otp","L2B Vendor","Thu Sep 17 16:36:21 IST 2026","passed","Thu Sep 17 16:36:30 IST 2026","com.l2b.vendor.modules.onboarding.presentation.tests.SignUpTest","08 Sign up screen edges","com.l2b.vendor.modules.onboarding.presentation.tests.SignUpTest","rapidTripleTapGetOtpSendsOnce"
"Open Withdraw, leave amount empty, tap Withdraw Money CTA. Expect stay in Vendor (validation or form) — never launcher. Do not complete a real withdraw.","31037","EA-E1: empty Withdraw Money CTA stays in Vendor","L2B Vendor Earning EA-E1","Sat Sep 26 13:18:31 IST 2026","passed","Sat Sep 26 13:19:02 IST 2026","com.l2b.vendor.modules.earning.presentation.tests.EarningEdgeTest","EA-E1","com.l2b.vendor.modules.earning.presentation.tests.EarningEdgeTest","emptyWithdrawCtaStaysInVendor"
"After Allow, language must appear within 8s. Timeout uses a splash-specific message, not a generic Wait timeout.","3508","Splash proceeds within 8s","L2B Vendor","Thu Sep 24 10:47:15 IST 2026","passed","Thu Sep 24 10:47:18 IST 2026","com.l2b.vendor.modules.onboarding.presentation.tests.SplashScreenTest","00 Splash screen edges","com.l2b.vendor.modules.onboarding.presentation.tests.SplashScreenTest","splashProceedsWithinTimeout"
"Type 8123456098, do not tap terms. Get OTP outer View must stay enabled=false.","21608","Case 15: Valid number, terms unchecked — Get OTP disabled","L2B Vendor","Thu Sep 17 16:35:16 IST 2026","passed","Thu Sep 17 16:35:37 IST 2026","com.l2b.vendor.modules.onboarding.presentation.tests.SignUpTest","08 Sign up screen edges","com.l2b.vendor.modules.onboarding.presentation.tests.SignUpTest","validNumberTermsUncheckedLeavesGetOtpDisabled"
"","56395","AC-I10: photo Close then header Back → drawer","L2B Vendor Account ALL","Tue Sep 29 14:01:51 IST 2026","passed","Tue Sep 29 14:02:47 IST 2026","com.l2b.vendor.modules.settings.presentation.tests.AccountInteractTest","Account-Interact","com.l2b.vendor.modules.settings.presentation.tests.AccountInteractTest","photoThenBackToDrawer"
"Paste '😀9876543210नमस्ते'. Record field. Must not crash. Letters/emoji must not stay.","16355","Case 14: Paste emoji/unicode — no crash, rejected","L2B Vendor","Thu Sep 17 16:34:43 IST 2026","passed","Thu Sep 17 16:34:59 IST 2026","com.l2b.vendor.modules.onboarding.presentation.tests.SignUpTest","08 Sign up screen edges","com.l2b.vendor.modules.onboarding.presentation.tests.SignUpTest","pasteEmojiUnicodeDoesNotCrash"
"Dump 03-fleet-list: content-desc Fleet from Home → texts Your Fleet + Add Machine; descs Back + Calendar·Home·Earning·Fleet. classifyRentalNow=fleet.","20778","FL-L1: bottom Fleet tab opens Your Fleet; bottom bar stays","L2B Vendor Fleet landing FL-L1","Fri Sep 25 12:27:37 IST 2026","passed","Fri Sep 25 12:27:58 IST 2026","com.l2b.vendor.modules.fleet.presentation.tests.FleetLandingTest","FL-L1","com.l2b.vendor.modules.fleet.presentation.tests.FleetLandingTest","bottomTabOpensFleet"
"","13231","LS-I8: reopen Language after Back","L2B Vendor Language settings ALL","Thu Oct 01 15:44:05 IST 2026","passed","Thu Oct 01 15:44:19 IST 2026","com.l2b.vendor.modules.settings.presentation.tests.LanguageSettingsInteractTest","LanguageSettings-Interact","com.l2b.vendor.modules.settings.presentation.tests.LanguageSettingsInteractTest","reopenAfterBack"
"Do not tap a language row. Get started must open onboarding in English ('Grow Your Machine…'), not Hindi/Telugu/Kannada copy.","8060","Case 3: Get started without changing language applies English downstream","L2B Vendor","Thu Sep 24 10:48:54 IST 2026","passed","Thu Sep 24 10:49:02 IST 2026","com.l2b.vendor.modules.onboarding.presentation.tests.LanguageScreenTest","00b Language screen edges","com.l2b.vendor.modules.onboarding.presentation.tests.LanguageScreenTest","getStartedWithoutChangeAppliesEnglishDownstream"
"","20203","LS-E15: package Vendor through Hindi/English cycle","L2B Vendor Language settings ALL","Thu Oct 01 15:59:05 IST 2026","passed","Thu Oct 01 15:59:25 IST 2026","com.l2b.vendor.modules.settings.presentation.tests.LanguageSettingsEdgeTest","LanguageSettings-Edge","com.l2b.vendor.modules.settings.presentation.tests.LanguageSettingsEdgeTest","packageThroughCycle"
"9000000001 on Quick Booking. Device Back. Record landing. Observed: launcher (BUGS_FOUND #13). Do not tap Accept/Decline.","25523","Case 3: Rental Quick Booking Back — named landing, no crash","L2B Vendor Quick Booking","Fri Sep 18 12:28:19 IST 2026","passed","Fri Sep 18 12:28:45 IST 2026","com.l2b.vendor.modules.bookings.presentation.tests.QuickBookingTest","Quick Booking isolated","com.l2b.vendor.modules.bookings.presentation.tests.QuickBookingTest","rentalBackGoesToHome"
"","571","Onboarding slide 2","L2B Vendor","Wed Sep 23 11:15:08 IST 2026","passed","Wed Sep 23 11:15:09 IST 2026","com.l2b.vendor.modules.onboarding.presentation.tests.SmokeTest","04 Onboarding slide 2","com.l2b.vendor.modules.onboarding.presentation.tests.SmokeTest","onboardingSlideTwo"
"","33302","PD-L5: Close navigation menu scrim","L2B Vendor Profile drawer ALL","Tue Sep 29 12:16:46 IST 2026","passed","Tue Sep 29 12:17:20 IST 2026","com.l2b.vendor.modules.settings.presentation.tests.ProfileDrawerLandingTest","ProfileDrawer-Landing","com.l2b.vendor.modules.settings.presentation.tests.ProfileDrawerLandingTest","closeNavigationMenuScrim"
"Second card is clipped. Swipe left then right. Stay Home. Do not tap cards.","53316","RH-L16: Upcoming strip swipes horizontally","L2B RH-L16","Tue Sep 22 12:56:37 IST 2026","passed","Tue Sep 22 12:57:31 IST 2026","com.l2b.vendor.modules.home.presentation.tests.RentalHomeLandingTest","RH-L16 h-swipe","com.l2b.vendor.modules.home.presentation.tests.RentalHomeLandingTest","upcomingStripHorizontalSwipe"
"Tap Active. Header becomes Active Order and the body is active cards or the empty state. Upcoming cards must not linger underneath.","58471","RB-I2: Active tab swaps list and header","L2B RB-I2","Wed Sep 23 17:07:25 IST 2026","passed","Wed Sep 23 17:08:23 IST 2026","com.l2b.vendor.modules.bookings.presentation.tests.rentalbooking.RentalBookingInteractTest","RB-I2 activeTab","com.l2b.vendor.modules.bookings.presentation.tests.rentalbooking.RentalBookingInteractTest","activeTab"
"","13189","NT-L3: Unread | All tabs","L2B Vendor Notifications NT-L3","Mon Sep 28 12:11:20 IST 2026","passed","Mon Sep 28 12:11:33 IST 2026","com.l2b.vendor.modules.notifications.presentation.tests.NotificationsLandingTest","NT-L3","com.l2b.vendor.modules.notifications.presentation.tests.NotificationsLandingTest","unreadAndAllTabs"
"","12321","LS-I1: select Hindi pre-Save","L2B Vendor Language settings ALL","Thu Oct 01 15:40:33 IST 2026","passed","Thu Oct 01 15:40:45 IST 2026","com.l2b.vendor.modules.settings.presentation.tests.LanguageSettingsInteractTest","LanguageSettings-Interact","com.l2b.vendor.modules.settings.presentation.tests.LanguageSettingsInteractTest","selectHindiPreSave"
"BUGS_FOUND #42: some FAQ rows stay English.","12487","LS-E10: Hindi → FAQ mixed (#42)","L2B Vendor Language settings failed rerun","Thu Oct 01 16:09:44 IST 2026","passed","Thu Oct 01 16:09:56 IST 2026","com.l2b.vendor.modules.settings.presentation.tests.LanguageSettingsEdgeTest","Language-Failed-Rerun","com.l2b.vendor.modules.settings.presentation.tests.LanguageSettingsEdgeTest","hindiFaqMixedBug42"
"Wifi+data off before launch: no crash. Permission or language still appears. Restore radios → Allow still reaches language.","10004","No network at launch","L2B Vendor","Thu Sep 24 10:45:11 IST 2026","passed","Thu Sep 24 10:45:21 IST 2026","com.l2b.vendor.modules.onboarding.presentation.tests.SplashScreenTest","00 Splash screen edges","com.l2b.vendor.modules.onboarding.presentation.tests.SplashScreenTest","noNetworkAtLaunchThenRecover"
"","30329","PD-I10: header chrome survives reopen","L2B Vendor Profile drawer ALL","Tue Sep 29 12:35:44 IST 2026","passed","Tue Sep 29 12:36:15 IST 2026","com.l2b.vendor.modules.settings.presentation.tests.ProfileDrawerInteractTest","ProfileDrawer-Interact","com.l2b.vendor.modules.settings.presentation.tests.ProfileDrawerInteractTest","headerChromeSurvivesReopen"
"Dump 06-longpress-plate: long-press plate → Delete + Disable. Do not tap Confirm.","53887","FL-E13: long-press plate reveals Delete + Disable (no confirm)","L2B Vendor Fleet edge FL-E13","Fri Sep 25 13:29:07 IST 2026","passed","Fri Sep 25 13:30:01 IST 2026","com.l2b.vendor.modules.fleet.presentation.tests.FleetEdgeTest","FL-E13","com.l2b.vendor.modules.fleet.presentation.tests.FleetEdgeTest","longPressRevealsDeleteDisable"
"","15556","HS-I13: concern → Order ID → Back (no Chat now)","L2B Vendor Help functional extras","Thu Oct 01 12:18:36 IST 2026","passed","Thu Oct 01 12:18:52 IST 2026","com.l2b.vendor.modules.help.presentation.tests.HelpInteractTest","Help-Interact-Extra","com.l2b.vendor.modules.help.presentation.tests.HelpInteractTest","concernThenOrderIdThenBack"
"Withdraw form → tap ₹500. Do not tap Withdraw Money confirm.","35313","EA-I4: chip ₹500 selectable (no confirm)","L2B Vendor Earning EA-I4","Sat Sep 26 13:05:28 IST 2026","passed","Sat Sep 26 13:06:04 IST 2026","com.l2b.vendor.modules.earning.presentation.tests.EarningInteractTest","EA-I4","com.l2b.vendor.modules.earning.presentation.tests.EarningInteractTest","chipFiveHundredSelectable"
"Tap the footer. Do not automate the Customer app. Pass = process alive + a named landing (still Vendor carousel/signup, another package, Play Store, or browser).","5537","Case 5: Are you Customer? does not crash; landing screen is identifiable","L2B Vendor","Wed Sep 23 11:15:49 IST 2026","passed","Wed Sep 23 11:15:54 IST 2026","com.l2b.vendor.modules.onboarding.presentation.tests.OnboardingCarouselTest","07 Onboarding carousel edges","com.l2b.vendor.modules.onboarding.presentation.tests.OnboardingCarouselTest","areYouCustomerRedirectDoesNotCrash"
"Three clickGestures on Close. Observed: Home profile drawer (BUGS_FOUND #14).","12432","0001-9: Rapid triple Close — named landing, no crash","L2B Vendor Quick Booking — rental company 9000000001","Fri Sep 18 14:49:15 IST 2026","passed","Fri Sep 18 14:49:27 IST 2026","com.l2b.vendor.modules.bookings.presentation.tests.quickbooking.RentalCompanyQuickBookingTest","Rental company Quick Booking","com.l2b.vendor.modules.bookings.presentation.tests.quickbooking.RentalCompanyQuickBookingTest","rapidCloseDoesNotCrash"
"Same as RB-E5 for Decline, including the reason dialog. No phantom decline after the network returns.","47743","RB-E6: Decline while offline","L2B RB-E6","Thu Sep 24 12:24:08 IST 2026","passed","Thu Sep 24 12:24:56 IST 2026","com.l2b.vendor.modules.bookings.presentation.tests.rentalbooking.RentalBookingEdgeTest","RB-E6 declineOffline","com.l2b.vendor.modules.bookings.presentation.tests.rentalbooking.RentalBookingEdgeTest","declineOffline"
"","39134","PD-E1: rapid Profile open/close stays Vendor","L2B Vendor Profile drawer ALL","Tue Sep 29 12:40:54 IST 2026","passed","Tue Sep 29 12:41:33 IST 2026","com.l2b.vendor.modules.settings.presentation.tests.ProfileDrawerEdgeTest","ProfileDrawer-Edge","com.l2b.vendor.modules.settings.presentation.tests.ProfileDrawerEdgeTest","rapidOpenCloseStaysVendor"
"Dump 01: L2B-/MDL- rows with Debited, or empty state.","44866","EA-L8: transaction rows or empty copy","L2B Vendor Earning EA-L8","Sat Sep 26 12:58:04 IST 2026","passed","Sat Sep 26 12:58:48 IST 2026","com.l2b.vendor.modules.earning.presentation.tests.EarningLandingTest","EA-L8","com.l2b.vendor.modules.earning.presentation.tests.EarningLandingTest","transactionRowsOrEmpty"
"","34904","PD-I11: all menu row labels still visible after Cancel","L2B Vendor Profile drawer ALL","Tue Sep 29 12:36:42 IST 2026","passed","Tue Sep 29 12:37:17 IST 2026","com.l2b.vendor.modules.settings.presentation.tests.ProfileDrawerInteractTest","ProfileDrawer-Interact","com.l2b.vendor.modules.settings.presentation.tests.ProfileDrawerInteractTest","allRowsVisibleAfterLogoutCancel"
"","90407","CA-E7: October day no crash","L2B Vendor Calendar CA-E7","Mon Sep 28 11:26:46 IST 2026","passed","Mon Sep 28 11:28:17 IST 2026","com.l2b.vendor.modules.calendar.presentation.tests.CalendarEdgeTest","CA-E7","com.l2b.vendor.modules.calendar.presentation.tests.CalendarEdgeTest","octoberDayNoCrash"
"","16782","HS-I17: ticket detail → Back → history","L2B Vendor Help functional extras","Thu Oct 01 12:20:41 IST 2026","passed","Thu Oct 01 12:20:58 IST 2026","com.l2b.vendor.modules.help.presentation.tests.HelpInteractTest","Help-Interact-Extra","com.l2b.vendor.modules.help.presentation.tests.HelpInteractTest","ticketDetailBackToHistory"
"9000000001. Profile → Account. Dump Profile Info, Edit, Update, Back. No destructive save if avoidable.","117768","Dump-1: Account / Profile Info chrome + Edit/Update probes","L2B Vendor Account dump","Tue Sep 29 12:02:28 IST 2026","passed","Tue Sep 29 12:04:26 IST 2026","com.l2b.vendor.modules.settings.presentation.tests.AccountDump","Account-Dump","com.l2b.vendor.modules.settings.presentation.tests.AccountDump","dumpAccount0001"
"","11003","HS-L8: Working Hours above Live chat","L2B Vendor Help and Support ALL","Thu Oct 01 11:39:42 IST 2026","passed","Thu Oct 01 11:39:53 IST 2026","com.l2b.vendor.modules.help.presentation.tests.HelpLandingTest","Help-Landing","com.l2b.vendor.modules.help.presentation.tests.HelpLandingTest","hoursAboveLiveChat"
"9000000001. Home bell → Notification. Dump Unread empty, All list, View all / See all / View Details probes, scroll, Back, layout bounds.","81909","Dump-0: Notification chrome + Unread/All + View Details + Back","L2B Vendor Notifications dump","Mon Sep 28 11:59:52 IST 2026","passed","Mon Sep 28 12:01:14 IST 2026","com.l2b.vendor.modules.notifications.presentation.tests.NotificationsDump","Notifications-Dump","com.l2b.vendor.modules.notifications.presentation.tests.NotificationsDump","dumpNotifications0001"
"","55309","RH-I13: Home tab again stays Home, drawer closed","L2B RH-I13","Tue Sep 22 12:23:17 IST 2026","passed","Tue Sep 22 12:24:13 IST 2026","com.l2b.vendor.modules.home.presentation.tests.RentalHomeInteractTest","RH-I13 home tab","com.l2b.vendor.modules.home.presentation.tests.RentalHomeInteractTest","homeTabAgain"
"","18158","HS-E1: rapid Live chat open/Back stays Vendor","L2B Vendor Help and Support ALL","Thu Oct 01 11:47:39 IST 2026","passed","Thu Oct 01 11:47:57 IST 2026","com.l2b.vendor.modules.help.presentation.tests.HelpEdgeTest","Help-Edge","com.l2b.vendor.modules.help.presentation.tests.HelpEdgeTest","rapidLiveChatBackStaysVendor"
"","16214","HS-E8: reopen Help after drawer dismiss+Profile","L2B Vendor Help EDGE E8","Thu Oct 01 11:55:17 IST 2026","passed","Thu Oct 01 11:55:33 IST 2026","com.l2b.vendor.modules.help.presentation.tests.HelpEdgeTest","Help-edge-e8","com.l2b.vendor.modules.help.presentation.tests.HelpEdgeTest","reopenAfterDrawerDismiss"
"Tap Close. Observed: Home behind Request to extend time (BUGS_FOUND #15). Do not tap Accept/Decline.","14044","Landing-9: Close — named landing (Home or extend-time dialog)","L2B Vendor Quick Booking landing — rental owner 9000000001","Fri Sep 18 15:44:19 IST 2026","passed","Fri Sep 18 15:44:33 IST 2026","com.l2b.vendor.modules.quickbooking.presentation.tests.QuickBookingLandingTest","Quick Booking landing","com.l2b.vendor.modules.quickbooking.presentation.tests.QuickBookingLandingTest","closeReturnsToHome"
"Tap Add Machine. Expect Add Fleet Machines title. Dump 25 Sep 04-add-machine. Do not Submit & Verify.","12316","FL-I4: Add Machine opens Add Fleet Machines form","L2B Vendor Fleet interact FL-I4","Fri Sep 25 12:44:15 IST 2026","passed","Fri Sep 25 12:44:27 IST 2026","com.l2b.vendor.modules.fleet.presentation.tests.FleetInteractTest","FL-I4","com.l2b.vendor.modules.fleet.presentation.tests.FleetInteractTest","addMachineOpensForm"
"","10770","H-I11: tap Notifications bell","L2B Vendor Home interact 9000000017","Mon Sep 21 10:14:57 IST 2026","passed","Mon Sep 21 10:15:08 IST 2026","com.l2b.vendor.modules.home.presentation.tests.HomeInteractTest","Home interact one case","com.l2b.vendor.modules.home.presentation.tests.HomeInteractTest","tapNotifications"
"9000000017 + 1234. Pending material orders must open Quick Booking (title + Close), not Home. Do not tap Accept/Decline.","9134","Material-Landing-1: pending_vendor_acceptance opens Quick Booking","L2B Vendor Material Quick Booking landing 9000000017","Sat Sep 19 15:28:41 IST 2026","passed","Sat Sep 19 15:28:50 IST 2026","com.l2b.vendor.modules.quickbooking.presentation.tests.MaterialQuickBookingLandingTest","Material Quick Booking landing","com.l2b.vendor.modules.quickbooking.presentation.tests.MaterialQuickBookingLandingTest","pendingLandsOnQuickBooking"
"BUGS_FOUND #41: how-to steps stay English — assert header Hindi + document steps.","12636","LS-E9: Hindi → Refer partial (#41)","L2B Vendor Language settings failed rerun","Thu Oct 01 16:09:12 IST 2026","passed","Thu Oct 01 16:09:25 IST 2026","com.l2b.vendor.modules.settings.presentation.tests.LanguageSettingsEdgeTest","Language-Failed-Rerun","com.l2b.vendor.modules.settings.presentation.tests.LanguageSettingsEdgeTest","hindiReferPartialBug41"
"Wait up to 75s for countdown 0. Record resend text/enabled. Dump hierarchy.","68145","Case 12: Resend enables when timer hits zero","L2B Vendor","Thu Sep 17 16:42:45 IST 2026","passed","Thu Sep 17 16:43:53 IST 2026","com.l2b.vendor.modules.onboarding.presentation.tests.OTPScreenTest","09 OTP screen edges","com.l2b.vendor.modules.onboarding.presentation.tests.OTPScreenTest","resendEnablesWhenTimerHitsZero"
"9000000001 + 1234. Eligible pending rentals must open Quick Booking (title + Close), not Home. Do not tap Accept/Decline.","33062","Landing-1: Quick Booking appears after login when pending rentals exist","L2B Vendor Quick Booking landing — rental owner 9000000001","Fri Sep 18 15:07:11 IST 2026","passed","Fri Sep 18 15:07:44 IST 2026","com.l2b.vendor.modules.quickbooking.presentation.tests.QuickBookingLandingTest","Quick Booking landing","com.l2b.vendor.modules.quickbooking.presentation.tests.QuickBookingLandingTest","appearsAfterLoginWhenPendingRentalsExist"
"","34441","AC-L2: Account title + Back chrome","L2B Vendor Account ALL","Tue Sep 29 13:45:37 IST 2026","passed","Tue Sep 29 13:46:11 IST 2026","com.l2b.vendor.modules.settings.presentation.tests.AccountLandingTest","Account-Landing","com.l2b.vendor.modules.settings.presentation.tests.AccountLandingTest","titleAndBackChrome"
"Help path must never surface Accept/Decline booking chrome.","14340","HS-E12: no Accept/Decline from Help path","L2B Vendor Help and Support ALL","Thu Oct 01 11:53:23 IST 2026","passed","Thu Oct 01 11:53:37 IST 2026","com.l2b.vendor.modules.help.presentation.tests.HelpEdgeTest","Help-Edge","com.l2b.vendor.modules.help.presentation.tests.HelpEdgeTest","noAcceptDeclineOnHelpPath"
"Tap See all. Expect leave landing or expand list; stay in Vendor.","58464","EA-I6: Recent Transactions See all","L2B Vendor Earning EA-I6","Sat Sep 26 13:07:49 IST 2026","passed","Sat Sep 26 13:08:47 IST 2026","com.l2b.vendor.modules.earning.presentation.tests.EarningInteractTest","EA-I6","com.l2b.vendor.modules.earning.presentation.tests.EarningInteractTest","transactionsSeeAll"
"","10628","H-E6: re-tap Home tab stays on Home, drawer closed","L2B Vendor Home edges 9000000017","Mon Sep 21 10:20:04 IST 2026","passed","Mon Sep 21 10:20:15 IST 2026","com.l2b.vendor.modules.home.presentation.tests.HomeEdgeTest","Home edge one case","com.l2b.vendor.modules.home.presentation.tests.HomeEdgeTest","retapHomeTab"
"","11132","PD-L4: Log Out CTA at bottom","L2B Vendor Profile drawer ALL","Tue Sep 29 12:16:11 IST 2026","passed","Tue Sep 29 12:16:23 IST 2026","com.l2b.vendor.modules.settings.presentation.tests.ProfileDrawerLandingTest","ProfileDrawer-Landing","com.l2b.vendor.modules.settings.presentation.tests.ProfileDrawerLandingTest","logOutCtaVisible"
"Assigned cards show Change <name>; unassigned show Select. Dump: Change Randanberno Ezung, Change Nauman…, Select.","11005","FL-L7: Change / Select operator affordance on cards","L2B Vendor Fleet landing l7","Fri Sep 25 12:41:57 IST 2026","passed","Fri Sep 25 12:42:08 IST 2026","com.l2b.vendor.modules.fleet.presentation.tests.FleetLandingTest","l7","com.l2b.vendor.modules.fleet.presentation.tests.FleetLandingTest","operatorChangeOrSelectVisible"
"Don't allow → app does not crash; first-launch continues to language.","6503","Notification permission DENY","L2B Vendor","Thu Sep 24 10:45:53 IST 2026","passed","Thu Sep 24 10:45:59 IST 2026","com.l2b.vendor.modules.onboarding.presentation.tests.SplashScreenTest","00 Splash screen edges","com.l2b.vendor.modules.onboarding.presentation.tests.SplashScreenTest","notificationPermissionDeny"
"Open the card, cancel from customer side, then Accept. Expect conflict / gone state, not a successful accept of a cancelled booking.","33037","RB-E8: Accept a booking the customer cancelled mid-view","L2B RB-E8","Thu Sep 24 12:28:19 IST 2026","failed","Thu Sep 24 12:28:52 IST 2026","com.l2b.vendor.modules.bookings.presentation.tests.rentalbooking.RentalBookingEdgeTest","RB-E8 acceptCustomerCancelledMidView","com.l2b.vendor.modules.bookings.presentation.tests.rentalbooking.RentalBookingEdgeTest","acceptCustomerCancelledMidView"
"9000000001 + 1234. Pending rentals must open Quick Booking (title + Close). Do not tap Accept/Decline/View More Details or Close.","15554","RH-L1: post-OTP on 9000000001 lands on Quick Booking, not Home","L2B Vendor Rental Home RH-L1 to RH-L3 9000000001","Mon Sep 21 11:29:13 IST 2026","passed","Mon Sep 21 11:29:29 IST 2026","com.l2b.vendor.modules.home.presentation.tests.RentalHomeLandingTest","Rental Home overlay RH-L1 RH-L2 RH-L3","com.l2b.vendor.modules.home.presentation.tests.RentalHomeLandingTest","postOtpLandsOnQuickBooking"
"Each card has a Booking for label plus an address line. Dump 16 shows 'Address not provided' on one card. The label must render on every card and never leave a blank line. Placeholder addresses ('Address not provided') are recorded as a watch/new Bookings bug — not folded into Home #20.","22435","RB-L8: Booking for address line is present and non-empty","L2B RB-L8","Wed Sep 23 12:58:12 IST 2026","passed","Wed Sep 23 12:58:34 IST 2026","com.l2b.vendor.modules.bookings.presentation.tests.rentalbooking.RentalBookingLandingTest","RB-L8 bookingForAddressPresent","com.l2b.vendor.modules.bookings.presentation.tests.rentalbooking.RentalBookingLandingTest","bookingForAddressPresent"
"","34446","PD-E2: double Profile tap stays drawer / Vendor","L2B Vendor Profile drawer ALL","Tue Sep 29 12:42:00 IST 2026","passed","Tue Sep 29 12:42:35 IST 2026","com.l2b.vendor.modules.settings.presentation.tests.ProfileDrawerEdgeTest","ProfileDrawer-Edge","com.l2b.vendor.modules.settings.presentation.tests.ProfileDrawerEdgeTest","doubleProfileTapStaysDrawer"
"Seed F7D066 with a free operator (Nauman). Real taps: Accept, Assign machine, Select an operator, Confirm. Records busy-banner vs Confirm enablement so #16 can be scoped to busy-only or broader Confirm breakage. Do not tap Decline or Skip.","22288","Free-op UI: Accept → select operator → Confirm completes","L2B Vendor Quick Booking free-operator UI accept F7D066","Wed Sep 23 11:39:25 IST 2026","passed","Wed Sep 23 11:39:47 IST 2026","com.l2b.vendor.modules.quickbooking.presentation.tests.FreeOperatorUiAcceptTest","Free-operator UI Accept → Assign → Confirm","com.l2b.vendor.modules.quickbooking.presentation.tests.FreeOperatorUiAcceptTest","freeOperatorAcceptAssignConfirm"
"Paste '98765 43210'. Record field text and Get OTP after terms. Sanitized 10-digit vs rejected vs kept-with-spaces.","20577","Case 11: Paste number with spaces","L2B Vendor","Thu Sep 17 16:32:41 IST 2026","passed","Thu Sep 17 16:33:01 IST 2026","com.l2b.vendor.modules.onboarding.presentation.tests.SignUpTest","08 Sign up screen edges","com.l2b.vendor.modules.onboarding.presentation.tests.SignUpTest","pasteNumberWithSpaces"
"","13350","NT-I2: All → Unread tab","L2B Vendor Notifications NT-I2","Mon Sep 28 12:18:04 IST 2026","passed","Mon Sep 28 12:18:17 IST 2026","com.l2b.vendor.modules.notifications.presentation.tests.NotificationsInteractTest","NT-I2","com.l2b.vendor.modules.notifications.presentation.tests.NotificationsInteractTest","allToUnreadTab"
"Tap first Get Direction. Record landing (maps or in-app). Must not crash. Do not tap Accept/Decline.","26426","Landing-11: Get Direction is enabled and does not crash","L2B Vendor Quick Booking landing — rental owner 9000000001","Fri Sep 18 15:36:37 IST 2026","passed","Fri Sep 18 15:37:03 IST 2026","com.l2b.vendor.modules.quickbooking.presentation.tests.QuickBookingLandingTest","Quick Booking landing","com.l2b.vendor.modules.quickbooking.presentation.tests.QuickBookingLandingTest","getDirectionOpensWithoutCrash"
"Type 81234, Back. Record landing. Play Store is force-stopped first so recents leftover is not the landing.","8436","Case 20: Back with partial number — named landing, no crash","L2B Vendor","Thu Sep 17 16:36:45 IST 2026","passed","Thu Sep 17 16:36:54 IST 2026","com.l2b.vendor.modules.onboarding.presentation.tests.SignUpTest","08 Sign up screen edges","com.l2b.vendor.modules.onboarding.presentation.tests.SignUpTest","androidBackWithPartialNumberDoesNotCrash"
"Name → Capacity row → capacity options appear and one can be picked.","22367","FL-E4: Capacity dropdown opens after Name is set","L2B Vendor Fleet edge FL-E4","Fri Sep 25 13:17:27 IST 2026","passed","Fri Sep 25 13:17:49 IST 2026","com.l2b.vendor.modules.fleet.presentation.tests.FleetEdgeTest","FL-E4","com.l2b.vendor.modules.fleet.presentation.tests.FleetEdgeTest","capacityDropdownOpensAfterName"
"Tap ₹1000 then type 250. Form stays; no confirm.","38841","EA-E10: chip then type overwrites or keeps form usable","L2B Vendor Earning EA-E10","Sat Sep 26 13:25:24 IST 2026","passed","Sat Sep 26 13:26:03 IST 2026","com.l2b.vendor.modules.earning.presentation.tests.EarningEdgeTest","EA-E10","com.l2b.vendor.modules.earning.presentation.tests.EarningEdgeTest","chipThenType"
"Home → Booking Orders See all → Quick Booking → Close → Home → Upcoming See all. The Bookings list must render the same content as a direct entry, with no leftover Quick Booking chrome.","56744","RB-I16: entry path independence — queue first, then Bookings","L2B RB-I16","Wed Sep 23 17:51:39 IST 2026","passed","Wed Sep 23 17:52:36 IST 2026","com.l2b.vendor.modules.bookings.presentation.tests.rentalbooking.RentalBookingInteractTest","RB-I16 entryPathIndependence","com.l2b.vendor.modules.bookings.presentation.tests.rentalbooking.RentalBookingInteractTest","entryPathIndependence"
"BUGS_FOUND #44: incentive description may stay English.","17348","LS-E5: Hindi → Earning reflects (#44 incentive EN)","L2B Vendor Language settings ALL","Thu Oct 01 15:51:24 IST 2026","passed","Thu Oct 01 15:51:42 IST 2026","com.l2b.vendor.modules.settings.presentation.tests.LanguageSettingsEdgeTest","LanguageSettings-Edge","com.l2b.vendor.modules.settings.presentation.tests.LanguageSettingsEdgeTest","hindiEarningReflects"
"API/UI: Order ID required after concern. Never Chat now.","15814","HS-L15: concern → Order ID; Chat now still disabled","L2B Vendor Help functional extras","Thu Oct 01 12:16:38 IST 2026","passed","Thu Oct 01 12:16:54 IST 2026","com.l2b.vendor.modules.help.presentation.tests.HelpLandingTest","Help-Landing-Extra","com.l2b.vendor.modules.help.presentation.tests.HelpLandingTest","concernRevealsOrderIdChatStillDisabled"
"Dump 03: Help → Help & Support. Back returns to Earning.","37918","EA-I1: Help opens Help & Support","L2B Vendor Earning EA-I1","Sat Sep 26 13:31:10 IST 2026","passed","Sat Sep 26 13:31:48 IST 2026","com.l2b.vendor.modules.earning.presentation.tests.EarningInteractTest","EA-I1","com.l2b.vendor.modules.earning.presentation.tests.EarningInteractTest","helpOpensSupport"
"","13552","LS-I5: Kannada then English + Save","L2B Vendor Language settings ALL","Thu Oct 01 15:42:34 IST 2026","passed","Thu Oct 01 15:42:48 IST 2026","com.l2b.vendor.modules.settings.presentation.tests.LanguageSettingsInteractTest","LanguageSettings-Interact","com.l2b.vendor.modules.settings.presentation.tests.LanguageSettingsInteractTest","kannadaThenEnglishSave"
"Next must change the headline to 'Manage Everything In One Place' and expose Get started.","4416","Case 2: Next on slide 1 advances to slide 2","L2B Vendor","Wed Sep 23 11:15:23 IST 2026","passed","Wed Sep 23 11:15:28 IST 2026","com.l2b.vendor.modules.onboarding.presentation.tests.OnboardingCarouselTest","07 Onboarding carousel edges","com.l2b.vendor.modules.onboarding.presentation.tests.OnboardingCarouselTest","nextOnSlideOneAdvancesToSlideTwo"
"Never tap dialer Call.","15222","HS-L18: Call Support dialer +91 1800 00 0000","L2B Vendor Help dialer rerun","Thu Oct 01 12:27:02 IST 2026","passed","Thu Oct 01 12:27:17 IST 2026","com.l2b.vendor.modules.help.presentation.tests.HelpLandingTest","Help-Dialer-Rerun","com.l2b.vendor.modules.help.presentation.tests.HelpLandingTest","callSupportOpensDialerWithNumber"
"","18247","LS-I3: restore English + Save → drawer English","L2B Vendor Language settings ALL","Thu Oct 01 15:41:31 IST 2026","passed","Thu Oct 01 15:41:50 IST 2026","com.l2b.vendor.modules.settings.presentation.tests.LanguageSettingsInteractTest","LanguageSettings-Interact","com.l2b.vendor.modules.settings.presentation.tests.LanguageSettingsInteractTest","restoreEnglishLocalizesDrawer"
"Publish: Schedule + year same header band; year right of title.","35396","CA-E8: header title/year alignment (padding)","L2B Vendor Calendar CA-E8","Mon Sep 28 11:29:13 IST 2026","passed","Mon Sep 28 11:29:49 IST 2026","com.l2b.vendor.modules.calendar.presentation.tests.CalendarEdgeTest","CA-E8","com.l2b.vendor.modules.calendar.presentation.tests.CalendarEdgeTest","headerAlignmentPublish"
"","42273","AC-E9: Update mode device Back safe","L2B Vendor Account ALL","Tue Sep 29 14:16:00 IST 2026","passed","Tue Sep 29 14:16:42 IST 2026","com.l2b.vendor.modules.settings.presentation.tests.AccountEdgeTest","Account-Edge","com.l2b.vendor.modules.settings.presentation.tests.AccountEdgeTest","updateModeDeviceBackSafe"
"","33665","PD-I13: KYC row opens then Back","L2B Vendor Profile drawer ALL","Tue Sep 29 11:43:18 IST 2026","passed","Tue Sep 29 11:43:51 IST 2026","com.l2b.vendor.modules.settings.presentation.tests.ProfileDrawerInteractTest","ProfileDrawer-Interact","com.l2b.vendor.modules.settings.presentation.tests.ProfileDrawerInteractTest","kycRowOpensThenBack"
"Dump 01: Recent Transactions heading + See all.","29510","EA-L7: Recent Transactions + See all","L2B Vendor Earning EA-L7","Sat Sep 26 12:57:01 IST 2026","passed","Sat Sep 26 12:57:30 IST 2026","com.l2b.vendor.modules.earning.presentation.tests.EarningLandingTest","EA-L7","com.l2b.vendor.modules.earning.presentation.tests.EarningLandingTest","recentTransactionsChrome"
"9000000001 after one Close. Dump 21 Sep 01-after-close: Upcoming Booking section plus a clickable strip card (machine, plate, Booking for). Second card is clipped — do not swipe (RH-L16) and do not tap the card (RH-I8). Do not tap Accept/Decline/View More Details/Log Out. Empty Booking-for address is BUGS_FOUND #20 — record, do not open a new number. If extend-time, fail #15.","15907","RH-L12: Upcoming Booking strip card is visible","L2B Vendor Rental Home RH-L12 upcoming strip 9000000001","Tue Sep 22 11:49:15 IST 2026","passed","Tue Sep 22 11:49:30 IST 2026","com.l2b.vendor.modules.home.presentation.tests.RentalHomeLandingTest","Rental Home RH-L12 Upcoming strip card visible","com.l2b.vendor.modules.home.presentation.tests.RentalHomeLandingTest","upcomingStripCardVisible"
"","57193","RH-L15: vertical swipe keeps rental Home chrome","L2B RH-L15","Tue Sep 22 12:07:29 IST 2026","passed","Tue Sep 22 12:08:26 IST 2026","com.l2b.vendor.modules.home.presentation.tests.RentalHomeLandingTest","RH-L15 v-swipe","com.l2b.vendor.modules.home.presentation.tests.RentalHomeLandingTest","verticalSwipeKeepsChrome"
"","26763","NT-L9: title left inset padding","L2B Vendor Notifications NT-L9","Mon Sep 28 12:15:46 IST 2026","passed","Mon Sep 28 12:16:13 IST 2026","com.l2b.vendor.modules.notifications.presentation.tests.NotificationsLandingTest","NT-L9","com.l2b.vendor.modules.notifications.presentation.tests.NotificationsLandingTest","titleLeftInsetPublish"
"First Back from Notification → Home. Second may hit known #25.","35396","NT-E13: Notification Back → Home; second Back documents #25","L2B Vendor Notifications NT-E13","Mon Sep 28 12:42:49 IST 2026","passed","Mon Sep 28 12:43:24 IST 2026","com.l2b.vendor.modules.notifications.presentation.tests.NotificationsEdgeTest","NT-E13","com.l2b.vendor.modules.notifications.presentation.tests.NotificationsEdgeTest","doubleBackDocumentsHomeBug25"
"Close to Home, terminateApp + activateApp without pm clear. Pending rentals must open Quick Booking again. Do not tap Accept/Decline.","44328","0001-7: Close then relaunch — pending queue still opens Quick Booking","L2B Vendor Quick Booking — rental company 9000000001","Fri Sep 18 14:43:40 IST 2026","passed","Fri Sep 18 14:44:24 IST 2026","com.l2b.vendor.modules.bookings.presentation.tests.quickbooking.RentalCompanyQuickBookingTest","Rental company Quick Booking","com.l2b.vendor.modules.bookings.presentation.tests.quickbooking.RentalCompanyQuickBookingTest","closeThenRelaunchStillQuickBooking"
"List #15. Record first Timer. A 00:00 seed is not on 0001 this run.","30834","Edge-4: Timer on a live card is mm:ss and not expired","L2B Vendor Quick Booking edges — rental owner 9000000001","Fri Sep 18 16:29:54 IST 2026","passed","Fri Sep 18 16:30:25 IST 2026","com.l2b.vendor.modules.quickbooking.presentation.tests.QuickBookingEdgeCasesTest","Quick Booking edge cases","com.l2b.vendor.modules.quickbooking.presentation.tests.QuickBookingEdgeCasesTest","expiredBookingTimerBehavior"
"Dump 07: device Back from Earning → Home.","35337","EA-I12: device Back → Home","L2B Vendor Earning EA-I12","Sat Sep 26 13:15:06 IST 2026","passed","Sat Sep 26 13:15:42 IST 2026","com.l2b.vendor.modules.earning.presentation.tests.EarningInteractTest","EA-I12","com.l2b.vendor.modules.earning.presentation.tests.EarningInteractTest","deviceBackToHome"
"","12815","NT-L2: title + Back chrome","L2B Vendor Notifications NT-L2","Mon Sep 28 12:10:42 IST 2026","passed","Mon Sep 28 12:10:55 IST 2026","com.l2b.vendor.modules.notifications.presentation.tests.NotificationsLandingTest","NT-L2","com.l2b.vendor.modules.notifications.presentation.tests.NotificationsLandingTest","titleAndBackChrome"
"Dump 09: header Back → Home.","37857","EA-I11: header Back → Home","L2B Vendor Earning EA-I11","Sat Sep 26 13:13:59 IST 2026","passed","Sat Sep 26 13:14:37 IST 2026","com.l2b.vendor.modules.earning.presentation.tests.EarningInteractTest","EA-I11","com.l2b.vendor.modules.earning.presentation.tests.EarningInteractTest","headerBackToHome"
"","1","setUp","L2B Vendor Material Quick Booking landing 9000000017","Sat Sep 19 15:27:39 IST 2026","broken","Sat Sep 19 15:27:39 IST 2026","com.l2b.vendor.modules.quickbooking.presentation.tests.MaterialQuickBookingLandingTest","Material Quick Booking landing","com.l2b.vendor.modules.quickbooking.presentation.tests.MaterialQuickBookingLandingTest","setUp"
"Cold start, OTP 1234 on 9000000001. Dump post-OTP. If Quick Booking, Close once and dump Home. Do not tap Accept/Decline, extend time, or other tabs.","21064","Dump-0: 9000000001 Rental Home after OTP — Close only if QB intercepts","L2B Vendor Rental Home dump 9000000001","Mon Sep 21 10:51:07 IST 2026","passed","Mon Sep 21 10:51:28 IST 2026","com.l2b.vendor.modules.home.presentation.tests.RentalHomeDump","Rental Home Dump-0","com.l2b.vendor.modules.home.presentation.tests.RentalHomeDump","dumpHome0001"
"Empty-state copy on Upcoming/Active/Completed for a clean account.","16869","RB-E18: All three tabs on a zero-booking account","L2B RB-E18","Thu Sep 24 12:57:34 IST 2026","passed","Thu Sep 24 12:57:51 IST 2026","com.l2b.vendor.modules.bookings.presentation.tests.rentalbooking.RentalBookingEdgeTest","RB-E18 zeroBookingAccountTabs","com.l2b.vendor.modules.bookings.presentation.tests.rentalbooking.RentalBookingEdgeTest","zeroBookingAccountTabs"
"Dump 04. Never tap Save Changes — Cancel only.","15033","AC-L11: Edit mode chrome (Cancel + Save Changes)","L2B Vendor Account ALL","Tue Sep 29 13:49:57 IST 2026","passed","Tue Sep 29 13:50:12 IST 2026","com.l2b.vendor.modules.settings.presentation.tests.AccountLandingTest","Account-Landing","com.l2b.vendor.modules.settings.presentation.tests.AccountLandingTest","editModeChrome"
"","15024","LS-E8: Hindi → Help reflects","L2B Vendor Language settings ALL","Thu Oct 01 15:54:37 IST 2026","passed","Thu Oct 01 15:54:52 IST 2026","com.l2b.vendor.modules.settings.presentation.tests.LanguageSettingsEdgeTest","LanguageSettings-Edge","com.l2b.vendor.modules.settings.presentation.tests.LanguageSettingsEdgeTest","hindiHelpReflects"
"List #10. Two clickGestures on first Decline. One Decline Booking? dialog, no crash. Cancel the dialog. Do not tap Accept.","50791","Decline-3: Rapid double-tap Decline opens one reason dialog","L2B Vendor Quick Booking decline — rental owner 9000000001","Fri Sep 18 16:23:39 IST 2026","passed","Fri Sep 18 16:24:30 IST 2026","com.l2b.vendor.modules.quickbooking.presentation.tests.QuickBookingDeclineTest","Quick Booking decline","com.l2b.vendor.modules.quickbooking.presentation.tests.QuickBookingDeclineTest","rapidDoubleTapDeclineOpensOneDialog"
"Dump lesson: x=80 hit Account row. True dismiss is right scrim only.","38164","PD-E6: right scrim dismiss (left drawer body is not dismiss)","L2B Vendor Profile drawer ALL","Tue Sep 29 12:46:13 IST 2026","passed","Tue Sep 29 12:46:51 IST 2026","com.l2b.vendor.modules.settings.presentation.tests.ProfileDrawerEdgeTest","ProfileDrawer-Edge","com.l2b.vendor.modules.settings.presentation.tests.ProfileDrawerEdgeTest","rightScrimDismisses"
"","22907","H-E4: offline dwell on Home does not crash","L2B Vendor Home edges 9000000017","Mon Sep 21 10:18:57 IST 2026","passed","Mon Sep 21 10:19:20 IST 2026","com.l2b.vendor.modules.home.presentation.tests.HomeEdgeTest","Home edge one case","com.l2b.vendor.modules.home.presentation.tests.HomeEdgeTest","offlineDoesNotCrash"
"","36225","CA-E10: bottom tabs even spacing","L2B Vendor Calendar CA-E10","Mon Sep 28 11:31:28 IST 2026","passed","Mon Sep 28 11:32:05 IST 2026","com.l2b.vendor.modules.calendar.presentation.tests.CalendarEdgeTest","CA-E10","com.l2b.vendor.modules.calendar.presentation.tests.CalendarEdgeTest","bottomTabsEvenSpacingPublish"
"Upcoming / Earning / Completed / Disputes Orders plus No orders right now. Cards are clickable=false in Dump-0. Do not tap.","11855","H-L9: Dump-0 stat cards and empty Orders copy are visible","L2B Vendor Home landing 9000000017","Mon Sep 21 10:08:37 IST 2026","passed","Mon Sep 21 10:08:49 IST 2026","com.l2b.vendor.modules.home.presentation.tests.HomeLandingTest","Home landing H-L9 only","com.l2b.vendor.modules.home.presentation.tests.HomeLandingTest","statCardsAndEmptyOrdersVisible"
"Dump: day '1' can be narrow — tap must update heading, no miss-tap crash.","46880","CA-E3: day-1 narrow cell still selectable","L2B Vendor Calendar CA-E3","Mon Sep 28 11:20:04 IST 2026","passed","Mon Sep 28 11:20:50 IST 2026","com.l2b.vendor.modules.calendar.presentation.tests.CalendarEdgeTest","CA-E3","com.l2b.vendor.modules.calendar.presentation.tests.CalendarEdgeTest","dayOneSelectable"
"9000000001 on Quick Booking. Tap Close (outer View). Must reach Home. Do not tap Accept/Decline.","42480","0001-2: Close goes to Home","L2B Vendor Quick Booking — rental company 9000000001","Fri Sep 18 12:59:37 IST 2026","passed","Fri Sep 18 13:00:19 IST 2026","com.l2b.vendor.modules.bookings.presentation.tests.quickbooking.RentalCompanyQuickBookingTest","Rental company Quick Booking","com.l2b.vendor.modules.bookings.presentation.tests.quickbooking.RentalCompanyQuickBookingTest","closeGoesToHome"
"FLNOD* Under Review long-press shows Delete only (no Disable) — record that. If Disable is present, confirm Disable. Never touch KA13Z2117.","31191","FL-I15: Disable Confirm — Active disposable or Under Review Delete-only","L2B Vendor Fleet interact FL-I15","Fri Sep 25 15:13:11 IST 2026","passed","Fri Sep 25 15:13:42 IST 2026","com.l2b.vendor.modules.fleet.presentation.tests.FleetInteractTest","FL-I15","com.l2b.vendor.modules.fleet.presentation.tests.FleetInteractTest","disableConfirmOnDisposableMachine"
"Dump 14: device Back → Home.","37538","NT-I9: device Back → Home","L2B Vendor Notifications NT-I9","Mon Sep 28 12:24:19 IST 2026","passed","Mon Sep 28 12:24:57 IST 2026","com.l2b.vendor.modules.notifications.presentation.tests.NotificationsInteractTest","NT-I9","com.l2b.vendor.modules.notifications.presentation.tests.NotificationsInteractTest","deviceBackToHome"
"Cold start, OTP 1234 on 9000000017. Dump collapsed, View More, scrolled. Do not tap Accept or Decline.","15834","Dump 9000000017 Material Quick Booking landing — no Accept/Decline","L2B Vendor Material Quick Booking dump 9000000017","Sat Sep 19 15:26:01 IST 2026","passed","Sat Sep 19 15:26:17 IST 2026","com.l2b.vendor.modules.quickbooking.presentation.tests.MaterialQuickBookingDump","Material Quick Booking landing dump","com.l2b.vendor.modules.quickbooking.presentation.tests.MaterialQuickBookingDump","dumpMaterialLanding0017"
"","19732","NT-I5: Back from See all → Notification","L2B Vendor Notifications NT-I5","Mon Sep 28 12:19:43 IST 2026","passed","Mon Sep 28 12:20:03 IST 2026","com.l2b.vendor.modules.notifications.presentation.tests.NotificationsInteractTest","NT-I5","com.l2b.vendor.modules.notifications.presentation.tests.NotificationsInteractTest","backFromSeeAll"
"","14968","HS-E6: Submit disabled empty form","L2B Vendor Help and Support ALL","Thu Oct 01 11:49:58 IST 2026","passed","Thu Oct 01 11:50:12 IST 2026","com.l2b.vendor.modules.help.presentation.tests.HelpEdgeTest","Help-Edge","com.l2b.vendor.modules.help.presentation.tests.HelpEdgeTest","submitDisabledEmpty"
"Focus OTP EditText, record IME keys, sendKeys letters/symbols, KEYCODE_A. Field must not keep letters; Continue stays disabled.","9952","Case 3: Non-numeric input rejected; keyboard numeric-only","L2B Vendor","Thu Sep 17 16:39:51 IST 2026","passed","Thu Sep 17 16:40:01 IST 2026","com.l2b.vendor.modules.onboarding.presentation.tests.OTPScreenTest","09 OTP screen edges","com.l2b.vendor.modules.onboarding.presentation.tests.OTPScreenTest","nonNumericInputRejected"
"Wait for Resend OTP, disable radios, tap Resend. Record error/retry vs silent no-op.","70414","Case 21: No network on Resend — error/retry, no crash","L2B Vendor","Thu Sep 17 16:49:13 IST 2026","passed","Thu Sep 17 16:50:23 IST 2026","com.l2b.vendor.modules.onboarding.presentation.tests.OTPScreenTest","09 OTP screen edges","com.l2b.vendor.modules.onboarding.presentation.tests.OTPScreenTest","noNetworkOnResendShowsErrorNotCrash"
"","36612","AC-I12: Company Info still after Update Cancel","L2B Vendor Account ALL","Tue Sep 29 14:04:26 IST 2026","passed","Tue Sep 29 14:05:02 IST 2026","com.l2b.vendor.modules.settings.presentation.tests.AccountInteractTest","Account-Interact","com.l2b.vendor.modules.settings.presentation.tests.AccountInteractTest","companyInfoAfterUpdateCancel"
"","46663","RH-I11: Earning tab — Earning & Incentive","L2B RH-I11","Tue Sep 22 12:21:30 IST 2026","passed","Tue Sep 22 12:22:17 IST 2026","com.l2b.vendor.modules.home.presentation.tests.RentalHomeInteractTest","RH-I11 earning","com.l2b.vendor.modules.home.presentation.tests.RentalHomeInteractTest","earningTab"
"BUGS_FOUND #45: month label October may remain English.","15860","LS-E4: Hindi → Calendar reflects (#45 month may stay EN)","L2B Vendor Language settings ALL","Thu Oct 01 15:50:16 IST 2026","passed","Thu Oct 01 15:50:32 IST 2026","com.l2b.vendor.modules.settings.presentation.tests.LanguageSettingsEdgeTest","LanguageSettings-Edge","com.l2b.vendor.modules.settings.presentation.tests.LanguageSettingsEdgeTest","hindiCalendarReflects"
"","32850","PD-I14: scrim Close affordance present while open","L2B Vendor Profile drawer ALL","Tue Sep 29 12:39:46 IST 2026","passed","Tue Sep 29 12:40:19 IST 2026","com.l2b.vendor.modules.settings.presentation.tests.ProfileDrawerInteractTest","ProfileDrawer-Interact","com.l2b.vendor.modules.settings.presentation.tests.ProfileDrawerInteractTest","scrimPresentWhileOpen"
"9000000001. Profile → drawer. Dump all rows, scroll, outside/Back dismiss, Log Out dialog Cancel only. Never Confirm.","104195","Dump-0: Profile drawer chrome + rows + close + Log Out Cancel","L2B Vendor Profile drawer dump","Tue Sep 29 11:22:18 IST 2026","passed","Tue Sep 29 11:24:02 IST 2026","com.l2b.vendor.modules.settings.presentation.tests.ProfileDrawerDump","ProfileDrawer-Dump","com.l2b.vendor.modules.settings.presentation.tests.ProfileDrawerDump","dumpProfileDrawer0001"
"After selecting Telugu then Kannada, the four language rows must keep a right-side CheckBox and similar row height (dump: checkbox x=880, height ~123–129).","6005","Case 8: Telugu/Kannada rows keep checkbox alignment","L2B Vendor","Wed Sep 23 11:14:52 IST 2026","passed","Wed Sep 23 11:14:58 IST 2026","com.l2b.vendor.modules.onboarding.presentation.tests.LanguageScreenTest","00b Language screen edges","com.l2b.vendor.modules.onboarding.presentation.tests.LanguageScreenTest","nonLatinScriptDoesNotBreakCheckboxRowLayout"
"Dump 14: device Back → Home, not launcher.","42502","CA-I12: device Back → Home","L2B Vendor Calendar CA-I12","Mon Sep 28 11:13:07 IST 2026","passed","Mon Sep 28 11:13:49 IST 2026","com.l2b.vendor.modules.calendar.presentation.tests.CalendarInteractTest","CA-I12","com.l2b.vendor.modules.calendar.presentation.tests.CalendarInteractTest","deviceBackToHome"
"","35655","AC-E2: rapid Update Cancel stays Vendor","L2B Vendor Account ALL","Tue Sep 29 14:08:44 IST 2026","passed","Tue Sep 29 14:09:20 IST 2026","com.l2b.vendor.modules.settings.presentation.tests.AccountEdgeTest","Account-Edge","com.l2b.vendor.modules.settings.presentation.tests.AccountEdgeTest","rapidUpdateCancelStaysVendor"
"","47559","RH-I1: Monthly / Select period opens options","L2B RH-I1","Tue Sep 22 12:11:42 IST 2026","passed","Tue Sep 22 12:12:30 IST 2026","com.l2b.vendor.modules.home.presentation.tests.RentalHomeInteractTest","RH-I1 Monthly","com.l2b.vendor.modules.home.presentation.tests.RentalHomeInteractTest","monthlyPeriodFilter"
"","35538","PD-I12: close + reopen + Log Out Cancel chain","L2B Vendor Profile drawer ALL","Tue Sep 29 12:37:40 IST 2026","passed","Tue Sep 29 12:38:16 IST 2026","com.l2b.vendor.modules.settings.presentation.tests.ProfileDrawerInteractTest","ProfileDrawer-Interact","com.l2b.vendor.modules.settings.presentation.tests.ProfileDrawerInteractTest","closeReopenLogoutCancelChain"
"","33228","PD-L12: drawer hides Home greeting","L2B Vendor Profile drawer ALL","Tue Sep 29 12:24:23 IST 2026","passed","Tue Sep 29 12:24:57 IST 2026","com.l2b.vendor.modules.settings.presentation.tests.ProfileDrawerLandingTest","ProfileDrawer-Landing","com.l2b.vendor.modules.settings.presentation.tests.ProfileDrawerLandingTest","drawerHidesHomeGreeting"
"Dump 13-name-dd: tap Name row → options (Excavators, Tata Ace, …) → pick one.","17856","FL-E3: Name of machinery dropdown opens and accepts a pick","L2B Vendor Fleet edge FL-E3","Fri Sep 25 13:16:50 IST 2026","passed","Fri Sep 25 13:17:08 IST 2026","com.l2b.vendor.modules.fleet.presentation.tests.FleetEdgeTest","FL-E3","com.l2b.vendor.modules.fleet.presentation.tests.FleetEdgeTest","nameDropdownOpensAndPicks"
"Dump 05-machine-title-tap: tapping Excavator 20 Tonnes title does not open a detail/edit screen.","42587","FL-E12: machine title tap stays on Your Fleet (no detail)","L2B Vendor Fleet edge FL-E12","Fri Sep 25 13:23:01 IST 2026","passed","Fri Sep 25 13:23:44 IST 2026","com.l2b.vendor.modules.fleet.presentation.tests.FleetEdgeTest","FL-E12","com.l2b.vendor.modules.fleet.presentation.tests.FleetEdgeTest","machineTitleTapStaysOnFleet"
"","25958","NT-L7: All list booking rows + View Details","L2B Vendor Notifications NT-L7","Mon Sep 28 12:13:58 IST 2026","passed","Mon Sep 28 12:14:24 IST 2026","com.l2b.vendor.modules.notifications.presentation.tests.NotificationsLandingTest","NT-L7","com.l2b.vendor.modules.notifications.presentation.tests.NotificationsLandingTest","allListBookingRows"
"No Close app bar (Quick Booking identity) and no greeting / Current Earning (Home identity), while the Bookings tabs + header render. Prevents a false pass from the wrong screen. The bottom nav bar is recorded as an observation, not hard-asserted, because it may be shared chrome.","50036","RB-L3: Bookings is not Home and not Quick Booking","L2B RB-L3","Wed Sep 23 12:37:56 IST 2026","passed","Wed Sep 23 12:38:46 IST 2026","com.l2b.vendor.modules.bookings.presentation.tests.rentalbooking.RentalBookingLandingTest","RB-L3 bookingsIsItsOwnScreen","com.l2b.vendor.modules.bookings.presentation.tests.rentalbooking.RentalBookingLandingTest","bookingsIsItsOwnScreen"
"Dump 01: Schedule + 2026 + content-desc Back.","39698","CA-L2: Schedule title + year + Back","L2B Vendor Calendar CA-L2","Mon Sep 28 10:46:52 IST 2026","passed","Mon Sep 28 10:47:31 IST 2026","com.l2b.vendor.modules.calendar.presentation.tests.CalendarLandingTest","CA-L2","com.l2b.vendor.modules.calendar.presentation.tests.CalendarLandingTest","titleYearBackChrome"
"Open Upcoming, pick a card with a fleet plate, GET detail for that booking id (matched via machine_registration_number). Machine, plate, operator, amount (numeric), and address must agree with the rendered card. Rupee grouping may differ (#27) — compare digits only.","22214","RB-A4: booking detail matches the card","L2B RB-A4","Wed Sep 23 16:44:22 IST 2026","passed","Wed Sep 23 16:44:45 IST 2026","com.l2b.vendor.modules.bookings.presentation.tests.rentalbooking.RentalBookingApiTest","RB-A4 detailMatchesCard","com.l2b.vendor.modules.bookings.presentation.tests.rentalbooking.RentalBookingApiTest","detailMatchesCard"
"","40374","PD-I2: Close navigation menu closes → Home","L2B Vendor Profile drawer ALL","Tue Sep 29 12:26:43 IST 2026","passed","Tue Sep 29 12:27:23 IST 2026","com.l2b.vendor.modules.settings.presentation.tests.ProfileDrawerInteractTest","ProfileDrawer-Interact","com.l2b.vendor.modules.settings.presentation.tests.ProfileDrawerInteractTest","closeNavigationMenuCloses"
"Dump 01: September between Previous month and Next month chevrons.","45719","CA-L3: month name + Previous/Next month","L2B Vendor Calendar CA-L3","Mon Sep 28 10:48:03 IST 2026","passed","Mon Sep 28 10:48:48 IST 2026","com.l2b.vendor.modules.calendar.presentation.tests.CalendarLandingTest","CA-L3","com.l2b.vendor.modules.calendar.presentation.tests.CalendarLandingTest","monthNavChrome"
"Dump 01: You're all caught up. on Unread for 0001.","11978","NT-L4: Unread empty copy","L2B Vendor Notifications NT-L4","Mon Sep 28 12:11:52 IST 2026","passed","Mon Sep 28 12:12:04 IST 2026","com.l2b.vendor.modules.notifications.presentation.tests.NotificationsLandingTest","NT-L4","com.l2b.vendor.modules.notifications.presentation.tests.NotificationsLandingTest","unreadEmptyCopy"
"9000000001 on Quick Booking. Tap Close (outer View). Must reach Home, not OTP. Do not tap Accept/Decline.","40073","Case 2: Rental Quick Booking Close goes to Home","L2B Vendor Quick Booking","Fri Sep 18 12:25:20 IST 2026","passed","Fri Sep 18 12:26:00 IST 2026","com.l2b.vendor.modules.bookings.presentation.tests.QuickBookingTest","Quick Booking isolated","com.l2b.vendor.modules.bookings.presentation.tests.QuickBookingTest","rentalCloseGoesToHome"
"","10936","AC-L8: field label stack layout","L2B Vendor Account ALL","Tue Sep 29 13:48:42 IST 2026","passed","Tue Sep 29 13:48:53 IST 2026","com.l2b.vendor.modules.settings.presentation.tests.AccountLandingTest","Account-Landing","com.l2b.vendor.modules.settings.presentation.tests.AccountLandingTest","fieldLabelsLayout"
"Dump-sourced slide 1: 'Grow Your Machine…', body 'List your machines easily', Skip + Next, footer 'Are you Customer?'.","4161","Case 1: Slide 1 shows headline, body, Skip, Next, Are you Customer?","L2B Vendor","Wed Sep 23 11:15:16 IST 2026","passed","Wed Sep 23 11:15:20 IST 2026","com.l2b.vendor.modules.onboarding.presentation.tests.OnboardingCarouselTest","07 Onboarding carousel edges","com.l2b.vendor.modules.onboarding.presentation.tests.OnboardingCarouselTest","slideOneShowsHeadlineBodySkipNextAndCustomerPrompt"
"9000000001. Close QB once. Dump Fleet from bottom tab, Active Fleet See all, and Profile → Your machines. Read-only — no Add Machine submit / operator confirm.","68604","Dump-0: Fleet chrome via tab + See all + drawer Your machines","L2B Vendor Fleet dump 9000000001","Fri Sep 25 10:31:35 IST 2026","passed","Fri Sep 25 10:32:44 IST 2026","com.l2b.vendor.modules.fleet.presentation.tests.FleetDump","Fleet Dump-0","com.l2b.vendor.modules.fleet.presentation.tests.FleetDump","dumpFleet0001"
"Dump 21 Sep: Booking Orders, Timer mm:ss, Decline, Accept. Do not tap Decline/Accept/View More. Missing View More Details is BUGS_FOUND #22.","47718","RH-L13: Booking Orders feed and Timer are visible","L2B RH-L13","Tue Sep 22 12:53:32 IST 2026","passed","Tue Sep 22 12:54:20 IST 2026","com.l2b.vendor.modules.home.presentation.tests.RentalHomeLandingTest","RH-L13 Booking Orders","com.l2b.vendor.modules.home.presentation.tests.RentalHomeLandingTest","bookingOrdersFeedVisible"
"","33322","PD-E8: Terms & Services then Back recovers","L2B Vendor Profile drawer ALL","Tue Sep 29 11:53:24 IST 2026","passed","Tue Sep 29 11:53:57 IST 2026","com.l2b.vendor.modules.settings.presentation.tests.ProfileDrawerEdgeTest","ProfileDrawer-Edge","com.l2b.vendor.modules.settings.presentation.tests.ProfileDrawerEdgeTest","termsThenBackRecovers"
"Tap Upload Insurance and Upload TPI (after RC covered in E7). Stay in Vendor.","51028","FL-E14: Insurance + TPI upload rows tappable","L2B Vendor Fleet edge FL-E14","Fri Sep 25 13:40:03 IST 2026","passed","Fri Sep 25 13:40:54 IST 2026","com.l2b.vendor.modules.fleet.presentation.tests.FleetEdgeTest","FL-E14","com.l2b.vendor.modules.fleet.presentation.tests.FleetEdgeTest","insuranceAndTpiUploadRowsTappable"
"","35111","HS-L2: title + Back + Call Support","L2B Vendor Help and Support ALL","Thu Oct 01 11:36:04 IST 2026","passed","Thu Oct 01 11:36:39 IST 2026","com.l2b.vendor.modules.help.presentation.tests.HelpLandingTest","Help-Landing","com.l2b.vendor.modules.help.presentation.tests.HelpLandingTest","titleBackCallSupportChrome"
"List #35. HOME ~3s, activateApp. Pending rentals must still show Quick Booking. Do not tap Accept/Decline.","44912","Edge-8: Background then foreground keeps the pending queue","L2B Vendor Quick Booking edges — rental owner 9000000001","Fri Sep 18 16:33:27 IST 2026","passed","Fri Sep 18 16:34:12 IST 2026","com.l2b.vendor.modules.quickbooking.presentation.tests.QuickBookingEdgeCasesTest","Quick Booking edge cases","com.l2b.vendor.modules.quickbooking.presentation.tests.QuickBookingEdgeCasesTest","backgroundThenForegroundKeepsQueue"
"Open OTP, BACK. If still on OTP (keyboard), BACK again. Record landing. Play Store is force-stopped first so recents leftover is not the landing.","11215","Case 16: Device Back from OTP — named landing, no crash","L2B Vendor","Thu Sep 17 16:47:58 IST 2026","passed","Thu Sep 17 16:48:10 IST 2026","com.l2b.vendor.modules.onboarding.presentation.tests.OTPScreenTest","09 OTP screen edges","com.l2b.vendor.modules.onboarding.presentation.tests.OTPScreenTest","androidBackFromOtpDoesNotCrash"
"Empty EditText + terms tap. Get OTP outer View must stay enabled=false.","13830","Case 4: Empty phone field leaves Get OTP disabled","L2B Vendor","Thu Sep 17 16:30:19 IST 2026","passed","Thu Sep 17 16:30:33 IST 2026","com.l2b.vendor.modules.onboarding.presentation.tests.SignUpTest","08 Sign up screen edges","com.l2b.vendor.modules.onboarding.presentation.tests.SignUpTest","emptyFieldLeavesGetOtpDisabled"
"9000000017 login to Quick Booking, terminateApp + activateApp without pm clear. Must return to Quick Booking, not Language.","36505","Case 8: Material Quick Booking persists after relaunch","L2B Vendor Quick Booking","Fri Sep 18 12:32:24 IST 2026","passed","Fri Sep 18 12:33:01 IST 2026","com.l2b.vendor.modules.bookings.presentation.tests.QuickBookingTest","Quick Booking isolated","com.l2b.vendor.modules.bookings.presentation.tests.QuickBookingTest","materialSessionPersistsOnQuickBooking"
"Dump second card Amount · Online Mode ₹1,020,000. Do not tap Accept/Decline.","134944","Landing-13: Large booking amount displays with rupee and payment mode","L2B Vendor Quick Booking landing — rental owner 9000000001","Fri Sep 18 15:38:53 IST 2026","passed","Fri Sep 18 15:41:08 IST 2026","com.l2b.vendor.modules.quickbooking.presentation.tests.QuickBookingLandingTest","Quick Booking landing","com.l2b.vendor.modules.quickbooking.presentation.tests.QuickBookingLandingTest","largeAmountDisplaysWithRupeeAndPaymentMode"
"From Earning, Fleet tab → Your Fleet.","40631","EA-I9: Fleet tab from Earning","L2B Vendor Earning EA-I9","Sat Sep 26 13:11:30 IST 2026","passed","Sat Sep 26 13:12:11 IST 2026","com.l2b.vendor.modules.earning.presentation.tests.EarningInteractTest","EA-I9","com.l2b.vendor.modules.earning.presentation.tests.EarningInteractTest","fleetTabFromEarning"
"9000000001 login to Quick Booking, terminateApp + activateApp without pm clear. Must return to Quick Booking (session + pending queue), not Language.","23655","Case 4: Rental Quick Booking persists after relaunch","L2B Vendor Quick Booking","Fri Sep 18 12:29:12 IST 2026","passed","Fri Sep 18 12:29:36 IST 2026","com.l2b.vendor.modules.bookings.presentation.tests.QuickBookingTest","Quick Booking isolated","com.l2b.vendor.modules.bookings.presentation.tests.QuickBookingTest","rentalSessionPersistsOnQuickBooking"
"List #34. Landscape then portrait. Title/Close/Accept must survive. Do not tap Accept/Decline.","38915","Edge-7: Rotation keeps Quick Booking chrome","L2B Vendor Quick Booking edges — rental owner 9000000001","Fri Sep 18 16:32:29 IST 2026","passed","Fri Sep 18 16:33:08 IST 2026","com.l2b.vendor.modules.quickbooking.presentation.tests.QuickBookingEdgeCasesTest","Quick Booking edge cases","com.l2b.vendor.modules.quickbooking.presentation.tests.QuickBookingEdgeCasesTest","rotationKeepsQuickBookingChrome"
"Back may go to launcher, stay on language, or exit. Record the actual screen. Play Store is force-stopped first so recents leftover is not the landing.","3378","Case 6: Android Back from Language — no crash, named landing","L2B Vendor","Wed Sep 23 11:14:34 IST 2026","passed","Wed Sep 23 11:14:37 IST 2026","com.l2b.vendor.modules.onboarding.presentation.tests.LanguageScreenTest","00b Language screen edges","com.l2b.vendor.modules.onboarding.presentation.tests.LanguageScreenTest","androidBackFromLanguageDoesNotCrash"
"","38453","AC-E4: photo open/close twice","L2B Vendor Account ALL","Tue Sep 29 14:10:42 IST 2026","passed","Tue Sep 29 14:11:21 IST 2026","com.l2b.vendor.modules.settings.presentation.tests.AccountEdgeTest","Account-Edge","com.l2b.vendor.modules.settings.presentation.tests.AccountEdgeTest","photoOpenCloseTwice"
"9000000001 after one Close. Dump 21 Sep 01-after-close 2×2: Active Fleet, Total Completed Task, Upcoming Booking, Earning Projected. Assert labels only — do not pin live counts or rupees. Do not tap See all, About this stat, Accept, Decline, View More Details, or Log Out. If extend-time owns the window, fail as BUGS_FOUND #15.","20505","RH-L8: four Rental Home stat cards are visible","L2B Vendor Rental Home RH-L8 stat cards 9000000001","Tue Sep 22 11:45:52 IST 2026","passed","Tue Sep 22 11:46:12 IST 2026","com.l2b.vendor.modules.home.presentation.tests.RentalHomeLandingTest","Rental Home RH-L8 stat cards visible","com.l2b.vendor.modules.home.presentation.tests.RentalHomeLandingTest","rentalStatCardsVisible"
"","44108","CA-E12: Home→Calendar→Earning→Calendar roundtrip","L2B Vendor Calendar CA-E12","Mon Sep 28 11:33:42 IST 2026","passed","Mon Sep 28 11:34:26 IST 2026","com.l2b.vendor.modules.calendar.presentation.tests.CalendarEdgeTest","CA-E12","com.l2b.vendor.modules.calendar.presentation.tests.CalendarEdgeTest","tabRoundtripKeepsSchedule"
"viewMoreDetailsCount equals cardCount on the Upcoming tab. Missing rows are a new Bookings bug, separate from Home #22 (no View More on the Home feed card).","15454","RB-L9: View More Details exists once per Upcoming card","L2B RB-L9","Wed Sep 23 13:05:09 IST 2026","passed","Wed Sep 23 13:05:24 IST 2026","com.l2b.vendor.modules.bookings.presentation.tests.rentalbooking.RentalBookingLandingTest","RB-L9 viewMoreDetailsPerCard","com.l2b.vendor.modules.bookings.presentation.tests.rentalbooking.RentalBookingLandingTest","viewMoreDetailsPerCard"
"","12035","LS-L8: header Back aligned","L2B Vendor Language settings ALL","Thu Oct 01 15:39:21 IST 2026","passed","Thu Oct 01 15:39:33 IST 2026","com.l2b.vendor.modules.settings.presentation.tests.LanguageSettingsLandingTest","LanguageSettings-Landing","com.l2b.vendor.modules.settings.presentation.tests.LanguageSettingsLandingTest","headerBackAligned"
"","43218","RH-I15: Notifications — Unread/All","L2B RH-I15","Tue Sep 22 12:26:02 IST 2026","passed","Tue Sep 22 12:26:45 IST 2026","com.l2b.vendor.modules.home.presentation.tests.RentalHomeInteractTest","RH-I15 notifications","com.l2b.vendor.modules.home.presentation.tests.RentalHomeInteractTest","notifications"
"","0","setUp","L2B RH-I2","Tue Sep 22 12:51:49 IST 2026","broken","Tue Sep 22 12:51:49 IST 2026","com.l2b.vendor.modules.home.presentation.tests.RentalHomeInteractTest","RH-I2 info","com.l2b.vendor.modules.home.presentation.tests.RentalHomeInteractTest","setUp"
"Dump 08: View Details opens QB. Never tap Accept/Decline.","44576","NT-I6: View Details → Quick Booking (no Accept)","L2B Vendor Notifications NT-I6","Mon Sep 28 12:20:33 IST 2026","passed","Mon Sep 28 12:21:18 IST 2026","com.l2b.vendor.modules.notifications.presentation.tests.NotificationsInteractTest","NT-I6","com.l2b.vendor.modules.notifications.presentation.tests.NotificationsInteractTest","viewDetailsOpensQuickBooking"
"Requires -Dl2b.startOtp and -Dl2b.endOtp (customer console values) plus -Dl2b.bookingId of an operator_assigned booking owned by 9000000002. Proven manually on L2B-RNT-2026-1837E2 (9477 → 5400 → completed).","2","RB-API-6: Start OTP then End OTP completes the job","L2B Rental Booking Lifecycle API","Wed Sep 23 11:30:41 IST 2026","skipped","Wed Sep 23 11:30:41 IST 2026","com.l2b.vendor.modules.bookings.data.api.RentalBookingLifecycleApiTest","Rental Booking lifecycle API","com.l2b.vendor.modules.bookings.data.api.RentalBookingLifecycleApiTest","startThenEndCompletes"
"Login, disable radios, dwell. Record offline copy vs silent stay. Radios restored in AfterMethod. Do not tap Accept/Decline.","13179","Material-Edge-6: Offline on the post-consume landing does not crash","L2B Vendor Material Quick Booking edges 9000000017","Sat Sep 19 16:42:15 IST 2026","passed","Sat Sep 19 16:42:28 IST 2026","com.l2b.vendor.modules.quickbooking.presentation.tests.MaterialQuickBookingEdgeCasesTest","Material Quick Booking edges","com.l2b.vendor.modules.quickbooking.presentation.tests.MaterialQuickBookingEdgeCasesTest","offlineOnLandingDoesNotCrash"
"Google Map tile and the Get Direction control appear on cards that carry a location. Map and Get Direction must be paired (equal counts) and recorded against the card count. A Get Direction with no map tile is a new Bookings bug.","45122","RB-L5: Upcoming card map tile and Get Direction render","L2B RB-L5","Wed Sep 23 12:49:08 IST 2026","passed","Wed Sep 23 12:49:53 IST 2026","com.l2b.vendor.modules.bookings.presentation.tests.rentalbooking.RentalBookingLandingTest","RB-L5 upcomingCardMapAndDirection","com.l2b.vendor.modules.bookings.presentation.tests.rentalbooking.RentalBookingLandingTest","upcomingCardMapAndDirection"
"9000000017 Dump-0. Bottom tabs must be Orders / Home / Earning / Inventory. No Fleet or Calendar. Body uses Upcoming Orders, not rental booking chrome. Do not tap tabs, profile, or extend time.","10594","H-L2: Home chrome is material (Orders/Inventory), not rental Fleet/Calendar","L2B Vendor Home landing 9000000017","Mon Sep 21 09:58:40 IST 2026","passed","Mon Sep 21 09:58:51 IST 2026","com.l2b.vendor.modules.home.presentation.tests.HomeLandingTest","Home landing H-L2 only","com.l2b.vendor.modules.home.presentation.tests.HomeLandingTest","materialChromeNotRental"
"For an accepted (operator_assigned) booking, GET schedule?year&month marks the scheduled day as upcoming, and wallet earning-summary + dashboard earnings return usable projected figures (read-only cross-module consistency).","2858","RB-A14: accepted booking propagates to schedule and earnings","L2B RB-A14","Wed Sep 23 16:30:24 IST 2026","passed","Wed Sep 23 16:30:27 IST 2026","com.l2b.vendor.modules.bookings.data.api.RentalBookingApiGapTest","RB-A14 acceptedBookingPropagates","com.l2b.vendor.modules.bookings.data.api.RentalBookingApiGapTest","acceptedBookingPropagates"
"Let a seed request run to the last second and tap Accept as it reaches 00:00. Either the accept wins cleanly or the app shows an expired message. A silent success on an expired booking is a defect.","8","RB-E4: Accept at the moment the timer hits 00:00","L2B RB-E4","Thu Sep 24 12:19:44 IST 2026","skipped","Thu Sep 24 12:19:44 IST 2026","com.l2b.vendor.modules.bookings.presentation.tests.rentalbooking.RentalBookingEdgeTest","RB-E4 acceptAtTimerZero","com.l2b.vendor.modules.bookings.presentation.tests.rentalbooking.RentalBookingEdgeTest","acceptAtTimerZero"
"","15124","LS-E1: rapid open/Back Language","L2B Vendor Language settings failed rerun","Thu Oct 01 16:08:40 IST 2026","passed","Thu Oct 01 16:08:55 IST 2026","com.l2b.vendor.modules.settings.presentation.tests.LanguageSettingsEdgeTest","Language-Failed-Rerun","com.l2b.vendor.modules.settings.presentation.tests.LanguageSettingsEdgeTest","rapidOpenBack"
"Each card shows either 'Operator : <name>' with Change, or 'Operator Not Assigned' with Assign. assignedCount + unassignedCount must equal the card count, Change pairs with assigned, Assign pairs with unassigned. Any mismatch is a new Bookings bug.","46099","RB-L6: operator row is assigned-or-unassigned, never both","L2B RB-L6","Wed Sep 23 12:51:13 IST 2026","passed","Wed Sep 23 12:52:00 IST 2026","com.l2b.vendor.modules.bookings.presentation.tests.rentalbooking.RentalBookingLandingTest","RB-L6 operatorRowIsExclusive","com.l2b.vendor.modules.bookings.presentation.tests.rentalbooking.RentalBookingLandingTest","operatorRowIsExclusive"
"Withdraw → Back → Earning & Incentive.","38966","EA-I3: Back from Withdraw form returns Earning","L2B Vendor Earning EA-I3","Sat Sep 26 13:04:20 IST 2026","passed","Sat Sep 26 13:04:59 IST 2026","com.l2b.vendor.modules.earning.presentation.tests.EarningInteractTest","EA-I3","com.l2b.vendor.modules.earning.presentation.tests.EarningInteractTest","backFromWithdrawForm"
"","10015","H-I3: tap Upcoming Orders stat — document destination","L2B Vendor Home interact 9000000017","Mon Sep 21 10:10:21 IST 2026","passed","Mon Sep 21 10:10:31 IST 2026","com.l2b.vendor.modules.home.presentation.tests.HomeInteractTest","Home interact one case","com.l2b.vendor.modules.home.presentation.tests.HomeInteractTest","tapUpcomingOrdersStat"
"Functional enablement after Order ID. Never Chat now (external).","19044","HS-I15: select booking → Chat now enables (never tap)","L2B Vendor Help functional extras","Thu Oct 01 12:19:36 IST 2026","passed","Thu Oct 01 12:19:55 IST 2026","com.l2b.vendor.modules.help.presentation.tests.HelpInteractTest","Help-Interact-Extra","com.l2b.vendor.modules.help.presentation.tests.HelpInteractTest","selectBookingEnablesChatNow"
"Tap Accept once on the seed booking. Expect the Assign machine sheet with a machine preselected and Select an operator. Record Confirm enablement — BUGS_FOUND #16 is the known blocker when all operators are busy; if it reproduces here it is referenced, not renumbered.","41340","RB-S3: Accept opens Assign machine","L2B RB-S3","Wed Sep 23 18:14:05 IST 2026","passed","Wed Sep 23 18:14:46 IST 2026","com.l2b.vendor.modules.bookings.presentation.tests.rentalbooking.RentalBookingLifecycleTest","RB-S3 acceptOpensAssignMachine","com.l2b.vendor.modules.bookings.presentation.tests.rentalbooking.RentalBookingLifecycleTest","acceptOpensAssignMachine"
"BUGS_FOUND #40: Log Out / Company Id may stay English.","13083","LS-I2: Hindi + Save → drawer Hindi","L2B Vendor Language settings ALL","Thu Oct 01 15:41:03 IST 2026","passed","Thu Oct 01 15:41:16 IST 2026","com.l2b.vendor.modules.settings.presentation.tests.LanguageSettingsInteractTest","LanguageSettings-Interact","com.l2b.vendor.modules.settings.presentation.tests.LanguageSettingsInteractTest","hindiSaveLocalizesDrawer"
"Covered by RentalBookingLifecycleApiTest.","0","RB-A8 — covered by lifecycle","L2B RB-A4","Wed Sep 23 16:44:14 IST 2026","unknown","Wed Sep 23 16:44:14 IST 2026","com.l2b.vendor.modules.bookings.presentation.tests.rentalbooking.RentalBookingApiTest","RB-A4 detailMatchesCard","com.l2b.vendor.modules.bookings.presentation.tests.rentalbooking.RentalBookingApiTest","assignPersistsMachineAndOperator"
"Tap + Add Another Machine. Expect 2 Machine (or second Name row) without crash.","14226","FL-E8: + Add Another Machine expands a second machine block","L2B Vendor Fleet edge FL-E8","Fri Sep 25 13:20:34 IST 2026","passed","Fri Sep 25 13:20:49 IST 2026","com.l2b.vendor.modules.fleet.presentation.tests.FleetEdgeTest","FL-E8","com.l2b.vendor.modules.fleet.presentation.tests.FleetEdgeTest","addAnotherMachineExpands"
"Covered by RentalBookingLifecycleApiTest.","0","RB-A5 — covered by lifecycle","L2B RB-A4","Wed Sep 23 16:44:14 IST 2026","unknown","Wed Sep 23 16:44:14 IST 2026","com.l2b.vendor.modules.bookings.presentation.tests.rentalbooking.RentalBookingApiTest","RB-A4 detailMatchesCard","com.l2b.vendor.modules.bookings.presentation.tests.rentalbooking.RentalBookingApiTest","acceptTransitionsStatus"
"Tap View More Details on card 1. Extra detail appears for that card while card 2 keeps its original rows. Dump 16 shows the expanded state inline.","57675","RB-I5: View More Details expands only its own card","L2B RB-I5","Wed Sep 23 17:22:02 IST 2026","passed","Wed Sep 23 17:23:00 IST 2026","com.l2b.vendor.modules.bookings.presentation.tests.rentalbooking.RentalBookingInteractTest","RB-I5 viewMoreDetailsExpandsOneCard","com.l2b.vendor.modules.bookings.presentation.tests.rentalbooking.RentalBookingInteractTest","viewMoreDetailsExpandsOneCard"
"9000000001. Calendar tab → Schedule. Dump empty/booked days, prev/next month, day select, agenda scroll, Back, layout bounds for padding/alignment QA.","160550","Dump-0: Schedule chrome + month/day probes + layout bounds","L2B Vendor Calendar dump","Mon Sep 28 10:35:57 IST 2026","passed","Mon Sep 28 10:38:38 IST 2026","com.l2b.vendor.modules.calendar.presentation.tests.CalendarDump","Calendar-Dump","com.l2b.vendor.modules.calendar.presentation.tests.CalendarDump","dumpCalendar0001"
"","38506","PD-I9: close via Back then Profile then scrim","L2B Vendor Profile drawer ALL","Tue Sep 29 12:34:39 IST 2026","passed","Tue Sep 29 12:35:18 IST 2026","com.l2b.vendor.modules.settings.presentation.tests.ProfileDrawerInteractTest","ProfileDrawer-Interact","com.l2b.vendor.modules.settings.presentation.tests.ProfileDrawerInteractTest","backThenProfileThenScrim"
"On first land, resend must be OTP Resend in Ns and not enabled/clickable.","8628","Case 11: Resend disabled during countdown","L2B Vendor","Thu Sep 17 16:42:33 IST 2026","passed","Thu Sep 17 16:42:41 IST 2026","com.l2b.vendor.modules.onboarding.presentation.tests.OTPScreenTest","09 OTP screen edges","com.l2b.vendor.modules.onboarding.presentation.tests.OTPScreenTest","resendDisabledDuringCountdown"
"Tap Assign on an 'Operator Not Assigned' card. Inspect machine / operator pickers and the Confirm enablement (compare with #16 on the Accept path). Dismiss without confirming; the card stays unassigned. Committing is RB-S10.","12324","RB-I14: Assign opens the assignment sheet and cancels cleanly","L2B RB-I14","Wed Sep 23 17:47:09 IST 2026","skipped","Wed Sep 23 17:47:21 IST 2026","com.l2b.vendor.modules.bookings.presentation.tests.rentalbooking.RentalBookingInteractTest","RB-I14 assignOperatorSheetCancel","com.l2b.vendor.modules.bookings.presentation.tests.rentalbooking.RentalBookingInteractTest","assignOperatorSheetCancel"
"Tap Hindi, Telugu, Kannada with no wait. Last row is Kannada — title must be 'L2B ಗೆ ಸ್ವಾಗತ'. Process stays in Vendor.","4545","Case 5: Rapid taps across languages — last selection sticks, no crash","L2B Vendor","Wed Sep 23 11:14:26 IST 2026","passed","Wed Sep 23 11:14:30 IST 2026","com.l2b.vendor.modules.onboarding.presentation.tests.LanguageScreenTest","00b Language screen edges","com.l2b.vendor.modules.onboarding.presentation.tests.LanguageScreenTest","rapidMultiTapLastLanguageSticks"
"","13444","AC-I1: Edit → Cancel restores Edit","L2B Vendor Account ALL","Tue Sep 29 13:51:10 IST 2026","passed","Tue Sep 29 13:51:24 IST 2026","com.l2b.vendor.modules.settings.presentation.tests.AccountInteractTest","Account-Interact","com.l2b.vendor.modules.settings.presentation.tests.AccountInteractTest","editCancelRestores"
"Tap Completed. Header becomes Completed Order and completed summary cards render. No Assign / Change controls on this tab.","58253","RB-I3: Completed tab swaps list and header","L2B RB-I3","Wed Sep 23 17:12:35 IST 2026","passed","Wed Sep 23 17:13:33 IST 2026","com.l2b.vendor.modules.bookings.presentation.tests.rentalbooking.RentalBookingInteractTest","RB-I3 completedTab","com.l2b.vendor.modules.bookings.presentation.tests.rentalbooking.RentalBookingInteractTest","completedTab"
"Upcoming → Active → Completed → Upcoming with no wait between taps. Exactly one header is visible at the end and the list matches it. Mixed content or a stuck spinner is a new Bookings bug.","66555","RB-I4: rapid tab cycling settles on one selected tab","L2B RB-I4","Wed Sep 23 17:14:47 IST 2026","passed","Wed Sep 23 17:15:54 IST 2026","com.l2b.vendor.modules.bookings.presentation.tests.rentalbooking.RentalBookingInteractTest","RB-I4 rapidTabCycling","com.l2b.vendor.modules.bookings.presentation.tests.rentalbooking.RentalBookingInteractTest","rapidTabCycling"
"Do not tap Accept/Decline. Record outer enabled vs inner TextView/Button decoys.","55530","0001-6: Accept/Decline enabled on outer View, inner decoys","L2B Vendor Quick Booking — rental company 9000000001","Fri Sep 18 14:42:18 IST 2026","passed","Fri Sep 18 14:43:13 IST 2026","com.l2b.vendor.modules.bookings.presentation.tests.quickbooking.RentalCompanyQuickBookingTest","Rental company Quick Booking","com.l2b.vendor.modules.bookings.presentation.tests.quickbooking.RentalCompanyQuickBookingTest","acceptDeclineEnabledOnOuterView"
"Leave a seed request untouched until the Timer hits 00:00. The booking is expired / unfulfilled rather than accepted.","5","RB-S15: untouched request expires at 00:00 and is not booked","L2B RB-S15","Thu Sep 24 12:02:12 IST 2026","skipped","Thu Sep 24 12:02:12 IST 2026","com.l2b.vendor.modules.bookings.presentation.tests.rentalbooking.RentalBookingLifecycleTest","RB-S15 expiredRequestIsNotBooked","com.l2b.vendor.modules.bookings.presentation.tests.rentalbooking.RentalBookingLifecycleTest","expiredRequestIsNotBooked"
"","13204","LS-L5: Hindi Telugu Kannada rows","L2B Vendor Language settings ALL","Thu Oct 01 15:38:06 IST 2026","passed","Thu Oct 01 15:38:19 IST 2026","com.l2b.vendor.modules.settings.presentation.tests.LanguageSettingsLandingTest","LanguageSettings-Landing","com.l2b.vendor.modules.settings.presentation.tests.LanguageSettingsLandingTest","hindiTeluguKannadaRows"
"Collapsed card: Order Placed, Fast Delivery, Pickup scheduled, Booking for. Must not show rental Timer, Amount · Online Mode, or Get Direction. Do not tap Accept/Decline.","9720","Material-Landing-3: card chrome is material, not rental","L2B Vendor Material Quick Booking landing 9000000017","Sat Sep 19 15:30:46 IST 2026","passed","Sat Sep 19 15:30:56 IST 2026","com.l2b.vendor.modules.quickbooking.presentation.tests.MaterialQuickBookingLandingTest","Material Quick Booking landing","com.l2b.vendor.modules.quickbooking.presentation.tests.MaterialQuickBookingLandingTest","cardShowsMaterialChromeNotRental"
"Dump-sourced 17 Sep: //android.widget.EditText (count=1, text empty). Continue enabled lives on //android.view.View[@clickable='true'][.//android.widget.TextView[@text='Continue']] — empty = enabled=false. Inner TextView/Button stay enabled=true decoys.","23393","Case 1: Empty OTP — Continue disabled; one EditText in tree","L2B Vendor","Thu Sep 17 16:39:00 IST 2026","passed","Thu Sep 17 16:39:23 IST 2026","com.l2b.vendor.modules.onboarding.presentation.tests.OTPScreenTest","09 OTP screen edges","com.l2b.vendor.modules.onboarding.presentation.tests.OTPScreenTest","emptyOtpLeavesContinueDisabled"
"List #13. Open Decline Booking?, pick a reason, disable radios, tap dialog Decline. Record offline copy vs silent no-op. Radios restored in AfterMethod. Do not tap Accept.","20861","Decline-4: Network drop during Decline shows feedback, no crash","L2B Vendor Quick Booking decline — rental owner 9000000001","Fri Sep 18 16:25:06 IST 2026","passed","Fri Sep 18 16:25:27 IST 2026","com.l2b.vendor.modules.quickbooking.presentation.tests.QuickBookingDeclineTest","Quick Booking decline","com.l2b.vendor.modules.quickbooking.presentation.tests.QuickBookingDeclineTest","networkDropDuringDeclineShowsFeedback"
"","12130","LS-I12: Default badge on English path","L2B Vendor Language settings ALL","Thu Oct 01 15:46:40 IST 2026","passed","Thu Oct 01 15:46:53 IST 2026","com.l2b.vendor.modules.settings.presentation.tests.LanguageSettingsInteractTest","LanguageSettings-Interact","com.l2b.vendor.modules.settings.presentation.tests.LanguageSettingsInteractTest","defaultBadgeOnEnglish"
"Tap Change on an assigned card. Inspect the operator list (names, availability, disabled rows). Dismiss without selecting. The card must still show the original operator. Committing a change is RB-S11.","70885","RB-I13: Change opens the operator sheet and cancels cleanly","L2B RB-I13","Wed Sep 23 17:45:24 IST 2026","passed","Wed Sep 23 17:46:35 IST 2026","com.l2b.vendor.modules.bookings.presentation.tests.rentalbooking.RentalBookingInteractTest","RB-I13 changeOperatorSheetCancel","com.l2b.vendor.modules.bookings.presentation.tests.rentalbooking.RentalBookingInteractTest","changeOperatorSheetCancel"
"","49035","PD-I10: Help row opens then Back","L2B Vendor Profile drawer ALL","Tue Sep 29 11:39:47 IST 2026","passed","Tue Sep 29 11:40:36 IST 2026","com.l2b.vendor.modules.settings.presentation.tests.ProfileDrawerInteractTest","ProfileDrawer-Interact","com.l2b.vendor.modules.settings.presentation.tests.ProfileDrawerInteractTest","helpRowOpensThenBack"
"","13412","HS-I1: Live chat → Back → Help","L2B Vendor Help and Support ALL","Thu Oct 01 11:42:13 IST 2026","passed","Thu Oct 01 11:42:27 IST 2026","com.l2b.vendor.modules.help.presentation.tests.HelpInteractTest","Help-Interact","com.l2b.vendor.modules.help.presentation.tests.HelpInteractTest","liveChatBackToHelp"
"","14879","HS-I10: history then Live chat chain","L2B Vendor Help and Support ALL","Thu Oct 01 11:46:14 IST 2026","passed","Thu Oct 01 11:46:29 IST 2026","com.l2b.vendor.modules.help.presentation.tests.HelpInteractTest","Help-Interact","com.l2b.vendor.modules.help.presentation.tests.HelpInteractTest","historyThenLiveChatChain"
"","21334","NT-I14: Unread empty after returning from All","L2B Vendor Notifications NT-I14","Mon Sep 28 12:29:45 IST 2026","passed","Mon Sep 28 12:30:06 IST 2026","com.l2b.vendor.modules.notifications.presentation.tests.NotificationsInteractTest","NT-I14","com.l2b.vendor.modules.notifications.presentation.tests.NotificationsInteractTest","unreadEmptyAfterAll"
"List #18 related. If timer is not 00:00, Decline must still open Decline Booking?. Cancel — do not consume. True post-expiry Decline needs a 00:00 seed.","53363","Decline-6: Decline while timer is still running opens the reason dialog","L2B Vendor Quick Booking decline — rental owner 9000000001","Fri Sep 18 16:36:56 IST 2026","passed","Fri Sep 18 16:37:50 IST 2026","com.l2b.vendor.modules.quickbooking.presentation.tests.QuickBookingDeclineTest","Quick Booking decline","com.l2b.vendor.modules.quickbooking.presentation.tests.QuickBookingDeclineTest","declineWhileTimerRunningOpensReasonDialog"
"Implemented in RentalBookingApiGapTest.statusToTabMapping.","0","RB-A2 — LIVE in ApiGapTest","L2B RB-A4","Wed Sep 23 16:44:14 IST 2026","unknown","Wed Sep 23 16:44:14 IST 2026","com.l2b.vendor.modules.bookings.presentation.tests.rentalbooking.RentalBookingApiTest","RB-A4 detailMatchesCard","com.l2b.vendor.modules.bookings.presentation.tests.rentalbooking.RentalBookingApiTest","statusToTabMapping"
"Rotate on Upcoming/Active/Completed; chrome remains usable.","60314","RB-E15: Rotation on the Bookings list","L2B RB-E15","Thu Sep 24 12:45:23 IST 2026","passed","Thu Sep 24 12:46:23 IST 2026","com.l2b.vendor.modules.bookings.presentation.tests.rentalbooking.RentalBookingEdgeTest","RB-E15 rotationOnBookingsList","com.l2b.vendor.modules.bookings.presentation.tests.rentalbooking.RentalBookingEdgeTest","rotationOnBookingsList"
"","14489","H-E3: background then foreground keeps Home","L2B Vendor Home edges 9000000017","Mon Sep 21 10:18:27 IST 2026","passed","Mon Sep 21 10:18:42 IST 2026","com.l2b.vendor.modules.home.presentation.tests.HomeEdgeTest","Home edge one case","com.l2b.vendor.modules.home.presentation.tests.HomeEdgeTest","backgroundThenForeground"
"Scroll the Upcoming list body down several screenfuls. The three tabs and the Upcoming Booking header must stay pinned throughout, and the view must not bounce back to the first card.","72516","RB-L15: vertical scroll keeps tabs and header pinned","L2B RB-L15","Wed Sep 23 13:47:58 IST 2026","passed","Wed Sep 23 13:49:11 IST 2026","com.l2b.vendor.modules.bookings.presentation.tests.rentalbooking.RentalBookingLandingTest","RB-L15 scrollKeepsTabsAndHeader","com.l2b.vendor.modules.bookings.presentation.tests.rentalbooking.RentalBookingLandingTest","scrollKeepsTabsAndHeader"
"","15108","RH-E6: outside tap with drawer closed stays Home","L2B RH-E6","Tue Sep 22 12:35:19 IST 2026","passed","Tue Sep 22 12:35:34 IST 2026","com.l2b.vendor.modules.home.presentation.tests.RentalHomeEdgeTest","RH-E6 outside","com.l2b.vendor.modules.home.presentation.tests.RentalHomeEdgeTest","outsideTapStaysHome"
"9000000001 after one Close. Dump 21 Sep 01-after-close: Good Afternoon! / Current Earning, Calendar · Home · Earning · Fleet. Not Quick Booking Close bar. Not material Orders / Inventory. Do not tap Accept/Decline on Booking Orders, View More Details, or Log Out. If Request to extend time owns the window, fail as BUGS_FOUND #15 — do not consume the dialog.","15910","RH-L4: Close once reaches usable Rental Home","L2B Vendor Rental Home RH-L4 9000000001","Mon Sep 21 18:16:14 IST 2026","passed","Mon Sep 21 18:16:29 IST 2026","com.l2b.vendor.modules.home.presentation.tests.RentalHomeLandingTest","Rental Home RH-L4 usable Home after Close","com.l2b.vendor.modules.home.presentation.tests.RentalHomeLandingTest","closeOnceReachesUsableRentalHome"
"Do not assume Next is the only path. Swipe left and record slide 2 vs stay-on-slide-1.","10216","Case 6: Horizontal swipe on slide 1 — record whether the pager moves","L2B Vendor","Wed Sep 23 11:16:07 IST 2026","passed","Wed Sep 23 11:16:18 IST 2026","com.l2b.vendor.modules.onboarding.presentation.tests.OnboardingCarouselTest","07 Onboarding carousel edges","com.l2b.vendor.modules.onboarding.presentation.tests.OnboardingCarouselTest","swipeOnSlideOneMovesOrStays"
"Dump-0 has no vertical Refresh. Swipe down from header. Record copy vs no-op.","9654","H-I12: pull-to-refresh — confirm exists or does not","L2B Vendor Home interact 9000000017","Mon Sep 21 10:15:25 IST 2026","passed","Mon Sep 21 10:15:34 IST 2026","com.l2b.vendor.modules.home.presentation.tests.HomeInteractTest","Home interact one case","com.l2b.vendor.modules.home.presentation.tests.HomeInteractTest","pullToRefreshOrAbsent"
"9000000003 + 1234, terminateApp + activateApp without pm clear. Must return to Home identity, not Quick Booking / first-launch.","17816","Case 24: Session persists after login + relaunch","L2B Vendor OTP isolated","Sun Sep 20 21:03:13 IST 2026","passed","Sun Sep 20 21:03:30 IST 2026","com.l2b.vendor.modules.onboarding.presentation.tests.OTPScreenTest","OTP case 24","com.l2b.vendor.modules.onboarding.presentation.tests.OTPScreenTest","sessionPersistenceAfterLoginRelaunch"
"","39013","PD-I4: reopen Profile after Back","L2B Vendor Profile drawer ALL","Tue Sep 29 12:29:02 IST 2026","passed","Tue Sep 29 12:29:41 IST 2026","com.l2b.vendor.modules.settings.presentation.tests.ProfileDrawerInteractTest","ProfileDrawer-Interact","com.l2b.vendor.modules.settings.presentation.tests.ProfileDrawerInteractTest","reopenAfterBack"
"If timer is already <= 00:05, wait for 00:00 or disappearance. If timer is minutes away, record live value and skip long wait. Never tap Accept at 00:00.","37663","RH-E7: observe Timer toward 00:00 — no Accept","L2B RH-E7","Tue Sep 22 12:35:49 IST 2026","skipped","Tue Sep 22 12:36:27 IST 2026","com.l2b.vendor.modules.home.presentation.tests.RentalHomeEdgeTest","RH-E7 timer expiry","com.l2b.vendor.modules.home.presentation.tests.RentalHomeEdgeTest","timerExpiryObserved"
"Header title tracks the selected tab across the full cycle: Upcoming Booking / Active Order / Completed Order / back to Upcoming Booking. A stale title is a new Bookings bug.","17624","RB-L11: header switches to Active Order on the Active tab","L2B RB-L11","Wed Sep 23 13:13:34 IST 2026","passed","Wed Sep 23 13:13:52 IST 2026","com.l2b.vendor.modules.bookings.presentation.tests.rentalbooking.RentalBookingLandingTest","RB-L11 activeTabHeaderTitle","com.l2b.vendor.modules.bookings.presentation.tests.rentalbooking.RentalBookingLandingTest","activeTabHeaderTitle"
"","54780","PD-I8: Your machines row opens Fleet then Back","L2B Vendor Profile drawer ALL","Tue Sep 29 11:37:11 IST 2026","passed","Tue Sep 29 11:38:06 IST 2026","com.l2b.vendor.modules.settings.presentation.tests.ProfileDrawerInteractTest","ProfileDrawer-Interact","com.l2b.vendor.modules.settings.presentation.tests.ProfileDrawerInteractTest","yourMachinesOpensThenBack"
"","13003","HS-I5: device Back → drawer","L2B Vendor Help and Support ALL","Thu Oct 01 11:43:58 IST 2026","passed","Thu Oct 01 11:44:11 IST 2026","com.l2b.vendor.modules.help.presentation.tests.HelpInteractTest","Help-Interact","com.l2b.vendor.modules.help.presentation.tests.HelpInteractTest","deviceBackToDrawer"
"Dump weekday letters present (duplicate T/S may collapse in a11y).","40731","CA-L4: weekday row S M T W F","L2B Vendor Calendar CA-L4","Mon Sep 28 10:49:17 IST 2026","passed","Mon Sep 28 10:49:58 IST 2026","com.l2b.vendor.modules.calendar.presentation.tests.CalendarLandingTest","CA-L4","com.l2b.vendor.modules.calendar.presentation.tests.CalendarLandingTest","weekdayRowPresent"
"","11163","HS-L7: Raise Ticket | Ticket history same row","L2B Vendor Help and Support ALL","Thu Oct 01 11:39:18 IST 2026","passed","Thu Oct 01 11:39:29 IST 2026","com.l2b.vendor.modules.help.presentation.tests.HelpLandingTest","Help-Landing","com.l2b.vendor.modules.help.presentation.tests.HelpLandingTest","raiseHistorySameRow"
"List #20 related. Open Decline Booking? on first card, Cancel. First amount and queue count must stay. Do not tap Accept.","23278","Decline-5: Remaining cards stay after cancelling Decline","L2B Vendor Quick Booking decline — rental owner 9000000001","Fri Sep 18 16:25:53 IST 2026","passed","Fri Sep 18 16:26:16 IST 2026","com.l2b.vendor.modules.quickbooking.presentation.tests.QuickBookingDeclineTest","Quick Booking decline","com.l2b.vendor.modules.quickbooking.presentation.tests.QuickBookingDeclineTest","cancelDeclineLeavesQueueUnchanged"
"5432109876 + terms. Record whether the app rejects 0-5 prefix or enables Get OTP.","16117","Case 10: Leading 5 (5432109876) — 6-9 prefix enforced or not","L2B Vendor","Thu Sep 17 16:32:02 IST 2026","passed","Thu Sep 17 16:32:18 IST 2026","com.l2b.vendor.modules.onboarding.presentation.tests.SignUpTest","08 Sign up screen edges","com.l2b.vendor.modules.onboarding.presentation.tests.SignUpTest","leadingFiveEnablesOrBlocksGetOtp"
"Placeholder / missing fields render safely without blanking the card.","95085","RB-E17: Missing or placeholder field values","L2B RB-E17","Thu Sep 24 12:53:28 IST 2026","failed","Thu Sep 24 12:55:03 IST 2026","com.l2b.vendor.modules.bookings.presentation.tests.rentalbooking.RentalBookingEdgeTest","RB-E17 missingPlaceholderFieldsSafe","com.l2b.vendor.modules.bookings.presentation.tests.rentalbooking.RentalBookingEdgeTest","missingPlaceholderFieldsSafe"
"When assignment-candidates reports all_operators_busy, assign without overlap fails; with allow_operator_overlap=true status becomes operator_assigned.","2042","RB-API-4: busy operator needs overlap flag; assign persists","L2B RB-A8","Thu Sep 24 13:17:16 IST 2026","passed","Thu Sep 24 13:17:18 IST 2026","com.l2b.vendor.modules.bookings.data.api.RentalBookingLifecycleApiTest","RB-A8 assignRequiresOverlapWhenBusy","com.l2b.vendor.modules.bookings.data.api.RentalBookingLifecycleApiTest","assignRequiresOverlapWhenBusy"
"Dump-0 clickable card Pickup scheduled 26 Aug. Record destination. No deep-test.","10625","H-I7: tap first Upcoming Confirmed card","L2B Vendor Home interact 9000000017","Mon Sep 21 10:12:09 IST 2026","passed","Mon Sep 21 10:12:19 IST 2026","com.l2b.vendor.modules.home.presentation.tests.HomeInteractTest","Home interact one case","com.l2b.vendor.modules.home.presentation.tests.HomeInteractTest","tapFirstUpcomingCard"
"All three tab labels are present on first paint and the Upcoming list is the one rendered (header Upcoming Booking). Do not tap the tabs here.","52218","RB-L2: Upcoming / Active / Completed tabs exist, Upcoming is default","L2B RB-L2","Wed Sep 23 12:34:26 IST 2026","passed","Wed Sep 23 12:35:18 IST 2026","com.l2b.vendor.modules.bookings.presentation.tests.rentalbooking.RentalBookingLandingTest","RB-L2 threeTabsWithUpcomingDefault","com.l2b.vendor.modules.bookings.presentation.tests.rentalbooking.RentalBookingLandingTest","threeTabsWithUpcomingDefault"
"Implemented in RentalBookingApiGapTest.","0","RB-A12 — LIVE in ApiGapTest","L2B RB-A4","Wed Sep 23 16:44:14 IST 2026","unknown","Wed Sep 23 16:44:14 IST 2026","com.l2b.vendor.modules.bookings.presentation.tests.rentalbooking.RentalBookingApiTest","RB-A4 detailMatchesCard","com.l2b.vendor.modules.bookings.presentation.tests.rentalbooking.RentalBookingApiTest","otherVendorBookingIsForbidden"
"Type valid number, check terms, rotate. Record orientation, phone text, Get OTP enabled.","21898","Case 21: Rotation mid-entry — number and terms survive","L2B Vendor","Thu Sep 17 16:36:58 IST 2026","passed","Thu Sep 17 16:37:19 IST 2026","com.l2b.vendor.modules.onboarding.presentation.tests.SignUpTest","08 Sign up screen edges","com.l2b.vendor.modules.onboarding.presentation.tests.SignUpTest","rotationMidEntryPreservesPhoneAndTerms"
"Select machine and a free operator, then Confirm. The sheet closes and the app reports success. Backend: booking status leaves pending and carries the chosen machine and operator (RB-A5, RB-A8).","48041","RB-S4: machine plus operator selection enables Confirm and commits","L2B RB-S4","Wed Sep 23 18:17:54 IST 2026","passed","Wed Sep 23 18:18:42 IST 2026","com.l2b.vendor.modules.bookings.presentation.tests.rentalbooking.RentalBookingLifecycleTest","RB-S4 assignConfirmCommitsAcceptance","com.l2b.vendor.modules.bookings.presentation.tests.rentalbooking.RentalBookingLifecycleTest","assignConfirmCommitsAcceptance"
"Dump 02: swipe up — title and bottom tabs stay; more txns may appear.","36028","EA-L10: scroll keeps title + tabs","L2B Vendor Earning EA-L10","Sat Sep 26 13:00:15 IST 2026","passed","Sat Sep 26 13:00:51 IST 2026","com.l2b.vendor.modules.earning.presentation.tests.EarningLandingTest","EA-L10","com.l2b.vendor.modules.earning.presentation.tests.EarningLandingTest","scrollKeepsChrome"
"Needs an expired booking seed from customer web.","1","RB-A10: accept expired — needs seed","L2B RB-A4","Wed Sep 23 16:44:14 IST 2026","unknown","Wed Sep 23 16:44:14 IST 2026","com.l2b.vendor.modules.bookings.presentation.tests.rentalbooking.RentalBookingApiTest","RB-A4 detailMatchesCard","com.l2b.vendor.modules.bookings.presentation.tests.rentalbooking.RentalBookingApiTest","acceptExpiredBookingRefused"
"Dump-sourced: Telugu tap localizes this screen to 'L2B కి స్వాగతం'.","6285","Case 2b: Selecting Telugu deselects English","L2B Vendor","Thu Sep 24 10:48:12 IST 2026","passed","Thu Sep 24 10:48:18 IST 2026","com.l2b.vendor.modules.onboarding.presentation.tests.LanguageScreenTest","00b Language screen edges","com.l2b.vendor.modules.onboarding.presentation.tests.LanguageScreenTest","selectingTeluguDeselectsEnglish"
"9000000001 + 1234. First visible pending card: SKU, Amount · Online Mode, start/end/duration, site, Timer mm:ss. Do not tap Accept/Decline.","47113","Landing-3: First card shows machine, amount, dates, location, timer","L2B Vendor Quick Booking landing — rental owner 9000000001","Fri Sep 18 15:22:19 IST 2026","passed","Fri Sep 18 15:23:06 IST 2026","com.l2b.vendor.modules.quickbooking.presentation.tests.QuickBookingLandingTest","Quick Booking landing","com.l2b.vendor.modules.quickbooking.presentation.tests.QuickBookingLandingTest","firstCardShowsMachineAmountDatesLocationTimer"
"","12287","HS-L13: soft layout publish batch","L2B Vendor Help and Support ALL","Thu Oct 01 11:41:49 IST 2026","passed","Thu Oct 01 11:42:01 IST 2026","com.l2b.vendor.modules.help.presentation.tests.HelpLandingTest","Help-Landing","com.l2b.vendor.modules.help.presentation.tests.HelpLandingTest","softLayoutPublishBatch"
"List #9. Two clickGestures on first Accept. One Assign machine sheet, no crash. Do not Confirm. Do not tap Decline.","15446","Accept-4: Rapid double-tap Accept opens one Assign machine","L2B Vendor Quick Booking accept — rental owner 9000000001","Fri Sep 18 16:19:21 IST 2026","passed","Fri Sep 18 16:19:36 IST 2026","com.l2b.vendor.modules.quickbooking.presentation.tests.QuickBookingAcceptTest","Quick Booking accept","com.l2b.vendor.modules.quickbooking.presentation.tests.QuickBookingAcceptTest","rapidDoubleTapAcceptOpensOneSheet"
"","46264","PD-E7: reopen after scrim — all rows intact","L2B Vendor Profile drawer ALL","Tue Sep 29 12:47:16 IST 2026","passed","Tue Sep 29 12:48:02 IST 2026","com.l2b.vendor.modules.settings.presentation.tests.ProfileDrawerEdgeTest","ProfileDrawer-Edge","com.l2b.vendor.modules.settings.presentation.tests.ProfileDrawerEdgeTest","reopenAfterScrimAllRows"
"Expand first card, tap View Less. Details must collapse. Do not tap Accept/Decline.","10823","Material-Landing-5: View Less collapses the first card","L2B Vendor Material Quick Booking landing 9000000017","Sat Sep 19 15:32:02 IST 2026","passed","Sat Sep 19 15:32:13 IST 2026","com.l2b.vendor.modules.quickbooking.presentation.tests.MaterialQuickBookingLandingTest","Material Quick Booking landing","com.l2b.vendor.modules.quickbooking.presentation.tests.MaterialQuickBookingLandingTest","viewLessCollapsesFirstCard"
"","11771","AC-L7: Profile photo affordance","L2B Vendor Account ALL","Tue Sep 29 13:48:18 IST 2026","passed","Tue Sep 29 13:48:30 IST 2026","com.l2b.vendor.modules.settings.presentation.tests.AccountLandingTest","Account-Landing","com.l2b.vendor.modules.settings.presentation.tests.AccountLandingTest","profilePhotoVisible"
"","16558","HS-E3: rapid Ticket history open/Back stays Vendor","L2B Vendor Help and Support ALL","Thu Oct 01 11:48:36 IST 2026","passed","Thu Oct 01 11:48:53 IST 2026","com.l2b.vendor.modules.help.presentation.tests.HelpEdgeTest","Help-Edge","com.l2b.vendor.modules.help.presentation.tests.HelpEdgeTest","rapidHistoryBackStaysVendor"
"From Earning, Home tab → Home.","20619","EA-I8: Home tab from Earning","L2B Vendor Earning EA-I8","Sat Sep 26 13:10:36 IST 2026","passed","Sat Sep 26 13:10:57 IST 2026","com.l2b.vendor.modules.earning.presentation.tests.EarningInteractTest","EA-I8","com.l2b.vendor.modules.earning.presentation.tests.EarningInteractTest","homeTabFromEarning"
"Back on Log Out? must not confirm logout.","38012","PD-E4: logout dialog device Back dismisses safely","L2B Vendor Profile drawer ALL","Tue Sep 29 12:44:13 IST 2026","passed","Tue Sep 29 12:44:51 IST 2026","com.l2b.vendor.modules.settings.presentation.tests.ProfileDrawerEdgeTest","ProfileDrawer-Edge","com.l2b.vendor.modules.settings.presentation.tests.ProfileDrawerEdgeTest","logoutDialogDeviceBackSafe"
"Dump 04: ₹500 ₹1000 ₹2000 ₹5000 chips.","38394","EA-E9: all amount chips present on Withdraw","L2B Vendor Earning EA-E9","Sat Sep 26 13:24:15 IST 2026","passed","Sat Sep 26 13:24:53 IST 2026","com.l2b.vendor.modules.earning.presentation.tests.EarningEdgeTest","EA-E9","com.l2b.vendor.modules.earning.presentation.tests.EarningEdgeTest","allAmountChipsPresent"
"","3","setUp","L2B RH-E10","Tue Sep 22 12:52:37 IST 2026","broken","Tue Sep 22 12:52:37 IST 2026","com.l2b.vendor.modules.home.presentation.tests.RentalHomeEdgeTest","RH-E10 seeall swipe","com.l2b.vendor.modules.home.presentation.tests.RentalHomeEdgeTest","setUp"
"9000000001. Profile → Help. Dump landing, Live chat, Raise Ticket (no submit), Ticket history. Header/device Back only.","132748","Dump-0: Help & Support chrome + Live chat / Raise Ticket / history probes","L2B Vendor Help and Support dump","Thu Oct 01 11:27:50 IST 2026","passed","Thu Oct 01 11:30:02 IST 2026","com.l2b.vendor.modules.help.presentation.tests.HelpSupportDump","HelpSupport-Dump","com.l2b.vendor.modules.help.presentation.tests.HelpSupportDump","dumpHelpSupport0001"
"GET /api/v1/rentals/bookings/{id}/invoice for a completed booking returns 200 and gross_amount matches the booking total_amount. A non-completed booking must not 500 — current QA behaviour (200 draft) is recorded.","2278","RB-A13: invoice is available for a completed booking","L2B RB-A13","Wed Sep 23 16:28:07 IST 2026","passed","Wed Sep 23 16:28:10 IST 2026","com.l2b.vendor.modules.bookings.data.api.RentalBookingApiGapTest","RB-A13 invoiceForCompletedBooking","com.l2b.vendor.modules.bookings.data.api.RentalBookingApiGapTest","invoiceForCompletedBooking"
"Tap bottom Earning. Expect classify=earning, title, Calendar·Home·Earning·Fleet.","50604","EA-L1: bottom Earning → Earning & Incentive","L2B Vendor Earning EA-L1","Sat Sep 26 12:49:34 IST 2026","passed","Sat Sep 26 12:50:24 IST 2026","com.l2b.vendor.modules.earning.presentation.tests.EarningLandingTest","EA-L1","com.l2b.vendor.modules.earning.presentation.tests.EarningLandingTest","bottomTabOpensEarning"
"Swipe the queue up. Must stay on Quick Booking with Accept still on a card. Do not tap Accept/Decline.","56015","Landing-4: Scrolling reveals further booking cards","L2B Vendor Quick Booking landing — rental owner 9000000001","Fri Sep 18 15:30:07 IST 2026","passed","Fri Sep 18 15:31:03 IST 2026","com.l2b.vendor.modules.quickbooking.presentation.tests.QuickBookingLandingTest","Quick Booking landing","com.l2b.vendor.modules.quickbooking.presentation.tests.QuickBookingLandingTest","scrollShowsFurtherCards"
"List #16. Read Timer, wait until the value changes. Do not wait until 00:00.","28819","Edge-5: Timer ticks down while Quick Booking stays open","L2B Vendor Quick Booking edges — rental owner 9000000001","Fri Sep 18 16:30:45 IST 2026","passed","Fri Sep 18 16:31:14 IST 2026","com.l2b.vendor.modules.quickbooking.presentation.tests.QuickBookingEdgeCasesTest","Quick Booking edge cases","com.l2b.vendor.modules.quickbooking.presentation.tests.QuickBookingEdgeCasesTest","timerReachesZeroWhileScreenOpen"
"List #11. Login online, disable radios, tap first Accept. Record sheet vs offline copy vs silent no-op. Do not Confirm. Do not tap Decline.","53917","Edge-2: Accept while offline shows feedback, no crash","L2B Vendor Quick Booking edges — rental owner 9000000001","Fri Sep 18 16:28:03 IST 2026","passed","Fri Sep 18 16:28:57 IST 2026","com.l2b.vendor.modules.quickbooking.presentation.tests.QuickBookingEdgeCasesTest","Quick Booking edge cases","com.l2b.vendor.modules.quickbooking.presentation.tests.QuickBookingEdgeCasesTest","acceptWhileOfflineShowsFeedback"
"9000000017. Tap first Accept (11 Sep AAC). Dump immediately. Complete only if an enabled Confirm/OK exists. Do not assume Assign machine. Do not tap Decline.","13398","Material-Accept-1: Accept first material card and record the real next step","L2B Vendor Material Quick Booking accept 9000000017","Sat Sep 19 16:29:42 IST 2026","passed","Sat Sep 19 16:29:56 IST 2026","com.l2b.vendor.modules.quickbooking.presentation.tests.MaterialQuickBookingAcceptTest","Material Quick Booking accept","com.l2b.vendor.modules.quickbooking.presentation.tests.MaterialQuickBookingAcceptTest","acceptFirstMaterialCard"
"","36949","AC-E6: reopen Account after drawer dismiss+Profile","L2B Vendor Account ALL","Tue Sep 29 14:12:51 IST 2026","passed","Tue Sep 29 14:13:28 IST 2026","com.l2b.vendor.modules.settings.presentation.tests.AccountEdgeTest","Account-Edge","com.l2b.vendor.modules.settings.presentation.tests.AccountEdgeTest","reopenAfterDrawerDismiss"
"Dump-sourced: Kannada tap localizes this screen to 'L2B ಗೆ ಸ್ವಾಗತ'.","6047","Case 2c: Selecting Kannada deselects English","L2B Vendor","Thu Sep 24 10:48:32 IST 2026","passed","Thu Sep 24 10:48:38 IST 2026","com.l2b.vendor.modules.onboarding.presentation.tests.LanguageScreenTest","00b Language screen edges","com.l2b.vendor.modules.onboarding.presentation.tests.LanguageScreenTest","selectingKannadaDeselectsEnglish"
"QA phone, wait Resend OTP, tap Resend, type 1234. Must stay on OTP with error if resend invalidates. Home means the static seed still works.","76422","Case 15: After Resend, original OTP is rejected","L2B Vendor","Thu Sep 17 16:46:39 IST 2026","passed","Thu Sep 17 16:47:55 IST 2026","com.l2b.vendor.modules.onboarding.presentation.tests.OTPScreenTest","09 OTP screen edges","com.l2b.vendor.modules.onboarding.presentation.tests.OTPScreenTest","originalOtpRejectedAfterResend"
"","16082","AC-I2: Update → Cancel restores Update","L2B Vendor Account ALL","Tue Sep 29 13:51:36 IST 2026","passed","Tue Sep 29 13:51:52 IST 2026","com.l2b.vendor.modules.settings.presentation.tests.AccountInteractTest","Account-Interact","com.l2b.vendor.modules.settings.presentation.tests.AccountInteractTest","updateCancelRestores"
"Dump-sourced: same Get OTP outer View. Type 812345609 (9 digits) + terms. Wait briefly for a wrong enable; CTA must stay enabled=false.","19126","Case 2: 9-digit number leaves Get OTP disabled","L2B Vendor","Thu Sep 17 16:29:05 IST 2026","passed","Thu Sep 17 16:29:24 IST 2026","com.l2b.vendor.modules.onboarding.presentation.tests.SignUpTest","08 Sign up screen edges","com.l2b.vendor.modules.onboarding.presentation.tests.SignUpTest","nineDigitNumberLeavesGetOtpDisabled"
"Type 01, rotate to landscape. Record orientation, field text, resend seconds.","11175","Case 17: Rotation mid-entry — digits and timer survive","L2B Vendor","Thu Sep 17 16:48:13 IST 2026","passed","Thu Sep 17 16:48:24 IST 2026","com.l2b.vendor.modules.onboarding.presentation.tests.OTPScreenTest","09 OTP screen edges","com.l2b.vendor.modules.onboarding.presentation.tests.OTPScreenTest","rotationMidEntryPreservesDigitsAndTimer"
"List #39. Background 3s, return. Queue must still be a coherent Quick Booking (title + Accept), not a crash or blank.","24586","Edge-12: Stale booking data after a short background","L2B Vendor Quick Booking edges — rental owner 9000000001","Fri Sep 18 16:35:23 IST 2026","passed","Fri Sep 18 16:35:48 IST 2026","com.l2b.vendor.modules.quickbooking.presentation.tests.QuickBookingEdgeCasesTest","Quick Booking edge cases","com.l2b.vendor.modules.quickbooking.presentation.tests.QuickBookingEdgeCasesTest","staleBookingDataIsHandled"
"Open Bookings → Upcoming. The seed booking is listed with the assigned operator ('Operator : <name>' plus Change), the assigned plate, the customer address, and the same amount and dates as the request.","24228","RB-S6: accepted booking appears under Bookings → Upcoming","L2B RB-S6","Wed Sep 23 18:21:10 IST 2026","passed","Wed Sep 23 18:21:34 IST 2026","com.l2b.vendor.modules.bookings.presentation.tests.rentalbooking.RentalBookingLifecycleTest","RB-S6 acceptedBookingAppearsInUpcoming","com.l2b.vendor.modules.bookings.presentation.tests.rentalbooking.RentalBookingLifecycleTest","acceptedBookingAppearsInUpcoming"
"On a card showing 'Operator Not Assigned', complete an assignment. The row becomes 'Operator : <name>' with Change without leaving the list, and survives a relaunch.","40076","RB-S10: Assign on an unassigned upcoming booking flips the row","L2B RB-S10","Thu Sep 24 11:18:02 IST 2026","passed","Thu Sep 24 11:18:42 IST 2026","com.l2b.vendor.modules.bookings.presentation.tests.rentalbooking.RentalBookingLifecycleTest","RB-S10 assignOnUpcomingFlipsRow","com.l2b.vendor.modules.bookings.presentation.tests.rentalbooking.RentalBookingLifecycleTest","assignOnUpcomingFlipsRow"
"Pick Name/Capacity/Variant + type plate, no uploads, Submit. Must not crash or leave Vendor. May stay on form (docs required) — that is correct.","24848","FL-E10: filled fields without docs — Submit stays with validation","L2B Vendor Fleet edge FL-E10","Fri Sep 25 13:21:45 IST 2026","failed","Fri Sep 25 13:22:10 IST 2026","com.l2b.vendor.modules.fleet.presentation.tests.FleetEdgeTest","FL-E10","com.l2b.vendor.modules.fleet.presentation.tests.FleetEdgeTest","submitWithoutDocsStaysInVendor"
"","30508","PD-E5: header + rows layout publish checks","L2B Vendor Profile drawer ALL","Tue Sep 29 12:45:17 IST 2026","passed","Tue Sep 29 12:45:47 IST 2026","com.l2b.vendor.modules.settings.presentation.tests.ProfileDrawerEdgeTest","ProfileDrawer-Edge","com.l2b.vendor.modules.settings.presentation.tests.ProfileDrawerEdgeTest","layoutPublishChecks"
"","26468","NT-L10: stay Vendor package","L2B Vendor Notifications NT-L10","Mon Sep 28 12:16:41 IST 2026","passed","Mon Sep 28 12:17:07 IST 2026","com.l2b.vendor.modules.notifications.presentation.tests.NotificationsLandingTest","NT-L10","com.l2b.vendor.modules.notifications.presentation.tests.NotificationsLandingTest","staysOnVendorPackage"
"Tap Skip 3× fast on a fresh slide 1, then Next 3× fast on a fresh slide 1. Pass = process alive and a single named landing (not a hang / crash).","26813","Case 10: Rapid Skip/Next taps — no crash, no duplicate navigation","L2B Vendor","Thu Sep 17 16:26:09 IST 2026","passed","Thu Sep 17 16:26:36 IST 2026","com.l2b.vendor.modules.onboarding.presentation.tests.OnboardingCarouselTest","07 Onboarding carousel edges","com.l2b.vendor.modules.onboarding.presentation.tests.OnboardingCarouselTest","rapidDoubleTapSkipAndNextDoesNotDuplicate"
"","13056","LS-I4: Telugu then Back without Save","L2B Vendor Language settings ALL","Thu Oct 01 15:42:05 IST 2026","passed","Thu Oct 01 15:42:18 IST 2026","com.l2b.vendor.modules.settings.presentation.tests.LanguageSettingsInteractTest","LanguageSettings-Interact","com.l2b.vendor.modules.settings.presentation.tests.LanguageSettingsInteractTest","teluguThenBackWithoutSave"
"First device Back from Schedule must land Home (not launcher). Second Back from Home root may hit known BUGS_FOUND #25 — document, not Calendar regression.","43443","CA-E13: Schedule Back → Home; second Back documents #25","L2B Vendor Calendar CA-E13","Mon Sep 28 11:45:35 IST 2026","passed","Mon Sep 28 11:46:18 IST 2026","com.l2b.vendor.modules.calendar.presentation.tests.CalendarEdgeTest","CA-E13","com.l2b.vendor.modules.calendar.presentation.tests.CalendarEdgeTest","doubleBackStaysVendor"
"","15417","LS-E3: Hindi → Home reflects","L2B Vendor Language settings ALL","Thu Oct 01 15:49:06 IST 2026","passed","Thu Oct 01 15:49:21 IST 2026","com.l2b.vendor.modules.settings.presentation.tests.LanguageSettingsEdgeTest","LanguageSettings-Edge","com.l2b.vendor.modules.settings.presentation.tests.LanguageSettingsEdgeTest","hindiHomeReflects"
"","19197","HS-E7: triple probe Live/Raise/History then Help","L2B Vendor Help and Support ALL","Thu Oct 01 11:50:26 IST 2026","passed","Thu Oct 01 11:50:45 IST 2026","com.l2b.vendor.modules.help.presentation.tests.HelpEdgeTest","Help-Edge","com.l2b.vendor.modules.help.presentation.tests.HelpEdgeTest","tripleProbeThenHelp"
"","15434","HS-E11: device Back from Raise Ticket safe","L2B Vendor Help and Support ALL","Thu Oct 01 11:52:53 IST 2026","passed","Thu Oct 01 11:53:08 IST 2026","com.l2b.vendor.modules.help.presentation.tests.HelpEdgeTest","Help-Edge","com.l2b.vendor.modules.help.presentation.tests.HelpEdgeTest","deviceBackFromRaiseTicket"
"Open Change, pick other driver, Close sheet — list Change label must not flip.","44435","FL-E2: dismiss sheet without Select leaves operator unchanged","L2B Vendor Fleet edge FL-E2","Fri Sep 25 13:15:44 IST 2026","passed","Fri Sep 25 13:16:29 IST 2026","com.l2b.vendor.modules.fleet.presentation.tests.FleetEdgeTest","FL-E2","com.l2b.vendor.modules.fleet.presentation.tests.FleetEdgeTest","dismissSheetLeavesOperatorUnchanged"
"","11220","LS-L4: English + Default badge","L2B Vendor Language settings ALL","Thu Oct 01 15:37:42 IST 2026","passed","Thu Oct 01 15:37:53 IST 2026","com.l2b.vendor.modules.settings.presentation.tests.LanguageSettingsLandingTest","LanguageSettings-Landing","com.l2b.vendor.modules.settings.presentation.tests.LanguageSettingsLandingTest","englishAndDefault"
"","20999","HS-I19: Bookings Active/Upcoming tabs switch","L2B Vendor Help functional extras","Thu Oct 01 12:21:37 IST 2026","passed","Thu Oct 01 12:21:58 IST 2026","com.l2b.vendor.modules.help.presentation.tests.HelpInteractTest","Help-Interact-Extra","com.l2b.vendor.modules.help.presentation.tests.HelpInteractTest","bookingsTabsSwitch"
"","31724","PD-I7: reopen after Close navigation menu","L2B Vendor Profile drawer ALL","Tue Sep 29 12:32:49 IST 2026","passed","Tue Sep 29 12:33:21 IST 2026","com.l2b.vendor.modules.settings.presentation.tests.ProfileDrawerInteractTest","ProfileDrawer-Interact","com.l2b.vendor.modules.settings.presentation.tests.ProfileDrawerInteractTest","reopenAfterCloseMenu"
"1234567890 + terms. Record Get OTP enabled. Sequential + leading-1.","7479","Case 8: Sequential 1234567890 — blocked or Get OTP enables","L2B Vendor","Thu Sep 17 16:31:40 IST 2026","passed","Thu Sep 17 16:31:47 IST 2026","com.l2b.vendor.modules.onboarding.presentation.tests.SignUpTest","08 Sign up screen edges","com.l2b.vendor.modules.onboarding.presentation.tests.SignUpTest","sequentialAscendingEnablesOrBlocksGetOtp"
"Guard: Save Changes present in edit mode; Cancel only.","34770","AC-E7: Save Changes visible in Edit but never tapped","L2B Vendor Account ALL","Tue Sep 29 14:13:55 IST 2026","passed","Tue Sep 29 14:14:29 IST 2026","com.l2b.vendor.modules.settings.presentation.tests.AccountEdgeTest","Account-Edge","com.l2b.vendor.modules.settings.presentation.tests.AccountEdgeTest","saveChangesPresentButNeverTapped"
"See all on Booking Orders. Expect Quick Booking. Close once if it opens. Do not Accept/Decline.","18039","RH-I9: Booking Orders See all → Quick Booking (Close only)","L2B RH-I9","Tue Sep 22 12:20:24 IST 2026","passed","Tue Sep 22 12:20:42 IST 2026","com.l2b.vendor.modules.home.presentation.tests.RentalHomeInteractTest","RH-I9 orders see all","com.l2b.vendor.modules.home.presentation.tests.RentalHomeInteractTest","bookingOrdersSeeAll"
"Profile → Language. Dump options, Save Hindi, dump Home/drawer/tabs/Account/Help, restore English+Save. Never Accept/Decline/Log Out Confirm.","94244","Dump-0: Language settings + Hindi reflection probes + English restore","L2B Vendor Language settings dump","Thu Oct 01 15:24:59 IST 2026","passed","Thu Oct 01 15:26:34 IST 2026","com.l2b.vendor.modules.settings.presentation.tests.LanguageSettingsDump","LanguageSettings-Dump","com.l2b.vendor.modules.settings.presentation.tests.LanguageSettingsDump","dumpLanguageSettings0001"
"From Your Fleet, Calendar tab leaves Fleet. Do not assert Calendar internals.","29821","FL-I11: Fleet → Calendar bottom tab","L2B Vendor Fleet interact FL-I11","Fri Sep 25 13:37:26 IST 2026","passed","Fri Sep 25 13:37:56 IST 2026","com.l2b.vendor.modules.fleet.presentation.tests.FleetInteractTest","FL-I11","com.l2b.vendor.modules.fleet.presentation.tests.FleetInteractTest","calendarTabFromFleet"
"","13653","HS-I4: header Back → drawer","L2B Vendor Help and Support ALL","Thu Oct 01 11:43:33 IST 2026","passed","Thu Oct 01 11:43:46 IST 2026","com.l2b.vendor.modules.help.presentation.tests.HelpInteractTest","Help-Interact","com.l2b.vendor.modules.help.presentation.tests.HelpInteractTest","headerBackToDrawer"
"","31740","RH-E10: See all while Upcoming strip is swiping","L2B RH-E10","Tue Sep 22 12:58:07 IST 2026","passed","Tue Sep 22 12:58:39 IST 2026","com.l2b.vendor.modules.home.presentation.tests.RentalHomeEdgeTest","RH-E10 seeall swipe","com.l2b.vendor.modules.home.presentation.tests.RentalHomeEdgeTest","seeAllDuringUpcomingSwipe"
"","14179","HS-L12: Ticket history Recent tickets + TKT-","L2B Vendor Help and Support ALL","Thu Oct 01 11:41:22 IST 2026","passed","Thu Oct 01 11:41:36 IST 2026","com.l2b.vendor.modules.help.presentation.tests.HelpLandingTest","Help-Landing","com.l2b.vendor.modules.help.presentation.tests.HelpLandingTest","ticketHistoryChrome"
"","10954","LS-L6: all four languages present","L2B Vendor Language settings ALL","Thu Oct 01 15:38:32 IST 2026","passed","Thu Oct 01 15:38:43 IST 2026","com.l2b.vendor.modules.settings.presentation.tests.LanguageSettingsLandingTest","LanguageSettings-Landing","com.l2b.vendor.modules.settings.presentation.tests.LanguageSettingsLandingTest","allFourLanguages"
"Dump 20-after-empty-submit previously landed on Android launcher. Empty Submit must stay on Add Fleet Machines with validation — not leave Vendor. New bug #35 if launcher.","14145","FL-E9: empty Submit & Verify must not drop to launcher","L2B Vendor Fleet edge FL-E9","Fri Sep 25 13:21:08 IST 2026","failed","Fri Sep 25 13:21:23 IST 2026","com.l2b.vendor.modules.fleet.presentation.tests.FleetEdgeTest","FL-E9","com.l2b.vendor.modules.fleet.presentation.tests.FleetEdgeTest","emptySubmitDoesNotLeaveVendor"
"","16128","HS-I9: Live chat then Raise Ticket chain","L2B Vendor Help and Support ALL","Thu Oct 01 11:45:46 IST 2026","passed","Thu Oct 01 11:46:02 IST 2026","com.l2b.vendor.modules.help.presentation.tests.HelpInteractTest","Help-Interact","com.l2b.vendor.modules.help.presentation.tests.HelpInteractTest","liveChatThenRaiseTicketChain"
"","82426","hindiReflectionMatrix","L2B Vendor Language reflection matrix","Thu Oct 01 15:31:33 IST 2026","passed","Thu Oct 01 15:32:56 IST 2026","com.l2b.vendor.modules.settings.presentation.tests.LanguageReflectionMatrixDump","Language-Matrix","com.l2b.vendor.modules.settings.presentation.tests.LanguageReflectionMatrixDump","hindiReflectionMatrix"
"9000000017 Dump-0 header. Must show Good Morning! / Good Afternoon! / Good Evening! (do not pin one). Record the live string. Do not tap.","9993","H-L3: time-of-day greeting is visible on Home","L2B Vendor Home landing 9000000017","Mon Sep 21 10:00:04 IST 2026","passed","Mon Sep 21 10:00:14 IST 2026","com.l2b.vendor.modules.home.presentation.tests.HomeLandingTest","Home landing H-L3 only","com.l2b.vendor.modules.home.presentation.tests.HomeLandingTest","greetingVisible"
"Clipboard 99999999 + PASTE. Field length must be <= 4. No crash.","9408","Case 6: Paste longer than 4 digits — truncated or rejected","L2B Vendor","Thu Sep 17 16:40:29 IST 2026","passed","Thu Sep 17 16:40:38 IST 2026","com.l2b.vendor.modules.onboarding.presentation.tests.OTPScreenTest","09 OTP screen edges","com.l2b.vendor.modules.onboarding.presentation.tests.OTPScreenTest","pasteLongerThanRequiredTruncatedOrRejected"
"","40002","PD-E12: never leave Accept/Decline committed from drawer","L2B Vendor Profile drawer ALL","Tue Sep 29 11:57:44 IST 2026","passed","Tue Sep 29 11:58:24 IST 2026","com.l2b.vendor.modules.settings.presentation.tests.ProfileDrawerEdgeTest","ProfileDrawer-Edge","com.l2b.vendor.modules.settings.presentation.tests.ProfileDrawerEdgeTest","noAcceptDeclineFromDrawer"
"9000000001. Tap View More Details on the first card. Purpose / Soil / Load must appear. Do not tap Accept/Decline.","44281","Accept-1: View More Details expands the first rental card","L2B Vendor Quick Booking accept — rental owner 9000000001","Fri Sep 18 15:50:25 IST 2026","passed","Fri Sep 18 15:51:10 IST 2026","com.l2b.vendor.modules.quickbooking.presentation.tests.QuickBookingAcceptTest","Quick Booking accept","com.l2b.vendor.modules.quickbooking.presentation.tests.QuickBookingAcceptTest","viewMoreDetailsExpandsFirstCard"
"","19655","NT-E10: scroll then header Back → Home","L2B Vendor Notifications NT-E10","Mon Sep 28 12:39:40 IST 2026","passed","Mon Sep 28 12:40:00 IST 2026","com.l2b.vendor.modules.notifications.presentation.tests.NotificationsEdgeTest","NT-E10","com.l2b.vendor.modules.notifications.presentation.tests.NotificationsEdgeTest","scrollThenHeaderBack"
"Tap View More on first card. Must show item + Bill Summary. Do not tap Accept/Decline.","10948","Material-Landing-4: View More expands bill summary","L2B Vendor Material Quick Booking landing 9000000017","Sat Sep 19 15:31:30 IST 2026","passed","Sat Sep 19 15:31:41 IST 2026","com.l2b.vendor.modules.quickbooking.presentation.tests.MaterialQuickBookingLandingTest","Material Quick Booking landing","com.l2b.vendor.modules.quickbooking.presentation.tests.MaterialQuickBookingLandingTest","viewMoreExpandsBillSummary"
"","47816","AC-I8: Update then Cancel then Edit Cancel chain","L2B Vendor Account ALL","Tue Sep 29 13:58:34 IST 2026","passed","Tue Sep 29 13:59:22 IST 2026","com.l2b.vendor.modules.settings.presentation.tests.AccountInteractTest","Account-Interact","com.l2b.vendor.modules.settings.presentation.tests.AccountInteractTest","updateThenEditCancelChain"
"Dump 09: tap Start Task if present — stay Vendor, no launcher. No job complete.","49396","CA-I7: Start Task probe stays in Vendor","L2B Vendor Calendar CA-I7","Mon Sep 28 11:07:38 IST 2026","passed","Mon Sep 28 11:08:28 IST 2026","com.l2b.vendor.modules.calendar.presentation.tests.CalendarInteractTest","CA-I7","com.l2b.vendor.modules.calendar.presentation.tests.CalendarInteractTest","startTaskProbe"
"","36124","NT-E11: View all twice idempotent","L2B Vendor Notifications NT-E11","Mon Sep 28 12:40:28 IST 2026","passed","Mon Sep 28 12:41:04 IST 2026","com.l2b.vendor.modules.notifications.presentation.tests.NotificationsEdgeTest","NT-E11","com.l2b.vendor.modules.notifications.presentation.tests.NotificationsEdgeTest","viewAllTwiceIdempotent"
"","14502","LS-I9: Hindi Save localizes Language chrome","L2B Vendor Language settings ALL","Thu Oct 01 15:44:35 IST 2026","passed","Thu Oct 01 15:44:49 IST 2026","com.l2b.vendor.modules.settings.presentation.tests.LanguageSettingsInteractTest","LanguageSettings-Interact","com.l2b.vendor.modules.settings.presentation.tests.LanguageSettingsInteractTest","hindiSaveLocalizesLanguageChrome"
"","16406","HS-E20: no Accept/Decline on ticket detail","L2B Vendor Help functional extras","Thu Oct 01 12:24:36 IST 2026","passed","Thu Oct 01 12:24:52 IST 2026","com.l2b.vendor.modules.help.presentation.tests.HelpEdgeTest","Help-Edge-Extra","com.l2b.vendor.modules.help.presentation.tests.HelpEdgeTest","noAcceptDeclineOnTicketDetail"
"9000000017. Tap first Decline (remaining 10 Sep card). Dump immediately. If a reason sheet opens, list every option then complete Decline. Do not tap Accept.","17603","Material-Decline-1: Decline remaining material card and record the real reason UI","L2B Vendor Material Quick Booking decline 9000000017","Sat Sep 19 16:35:20 IST 2026","passed","Sat Sep 19 16:35:38 IST 2026","com.l2b.vendor.modules.quickbooking.presentation.tests.MaterialQuickBookingDeclineTest","Material Quick Booking decline","com.l2b.vendor.modules.quickbooking.presentation.tests.MaterialQuickBookingDeclineTest","declineRemainingMaterialCard"
"From usable Home, tap See all on the Upcoming Booking section. Expect the Bookings screen: Back affordance, three tabs, a bookings header, and not the Quick Booking Close app bar. Record the landing. Dump 11-see-all-upcoming.","60452","RB-L1: Home Upcoming See all opens the Bookings list","L2B RB-L1","Wed Sep 23 12:27:25 IST 2026","passed","Wed Sep 23 12:28:25 IST 2026","com.l2b.vendor.modules.bookings.presentation.tests.rentalbooking.RentalBookingLandingTest","RB-L1 seeAllOpensBookingsList","com.l2b.vendor.modules.bookings.presentation.tests.rentalbooking.RentalBookingLandingTest","seeAllOpensBookingsList"
"Tap the toggle a second time (View Less Details if the label flips). The card returns to its collapsed row set. A toggle that only expands is a new bug.","59184","RB-I6: expanded card collapses again","L2B RB-I6","Wed Sep 23 17:23:50 IST 2026","passed","Wed Sep 23 17:24:50 IST 2026","com.l2b.vendor.modules.bookings.presentation.tests.rentalbooking.RentalBookingInteractTest","RB-I6 viewMoreDetailsCollapses","com.l2b.vendor.modules.bookings.presentation.tests.rentalbooking.RentalBookingInteractTest","viewMoreDetailsCollapses"
"September → Next → Previous → September.","16945","CA-I3: Next then Previous restores September","L2B Vendor Calendar CA-I3","Mon Sep 28 11:03:09 IST 2026","passed","Mon Sep 28 11:03:26 IST 2026","com.l2b.vendor.modules.calendar.presentation.tests.CalendarInteractTest","CA-I3","com.l2b.vendor.modules.calendar.presentation.tests.CalendarInteractTest","nextThenPreviousRestores"
"","18089","HS-E16: Submit disabled without Order ID","L2B Vendor Help functional extras","Thu Oct 01 12:22:40 IST 2026","passed","Thu Oct 01 12:22:58 IST 2026","com.l2b.vendor.modules.help.presentation.tests.HelpEdgeTest","Help-Edge-Extra","com.l2b.vendor.modules.help.presentation.tests.HelpEdgeTest","submitDisabledWithoutOrderId"
"Scroll to the final card and tap its View More Details. Verifies off-screen element handling and that the list does not recycle the tap onto card 1.","61093","RB-I15: last card in a long list is reachable and tappable","L2B RB-I15","Wed Sep 23 17:48:23 IST 2026","passed","Wed Sep 23 17:49:24 IST 2026","com.l2b.vendor.modules.bookings.presentation.tests.rentalbooking.RentalBookingInteractTest","RB-I15 lastCardInteraction","com.l2b.vendor.modules.bookings.presentation.tests.rentalbooking.RentalBookingInteractTest","lastCardInteraction"
"","13006","AC-L10: stay Vendor package","L2B Vendor Account ALL","Tue Sep 29 13:49:32 IST 2026","passed","Tue Sep 29 13:49:45 IST 2026","com.l2b.vendor.modules.settings.presentation.tests.AccountLandingTest","Account-Landing","com.l2b.vendor.modules.settings.presentation.tests.AccountLandingTest","stayVendorPackage"
"Valid number + terms, HOME, activateApp. Field and Get OTP enabled must persist.","20186","Case 22: Background/foreground mid-typing — data persists","L2B Vendor","Thu Sep 17 16:37:38 IST 2026","passed","Thu Sep 17 16:37:58 IST 2026","com.l2b.vendor.modules.onboarding.presentation.tests.SignUpTest","08 Sign up screen edges","com.l2b.vendor.modules.onboarding.presentation.tests.SignUpTest","backgroundForegroundMidTypingPersists"
"Tap one Quick Booking Decline. Decline Booking? must open. Open Select a reason, pick the first reason, then tap dialog Decline. Dialog-open alone is not a pass. Do not tap Accept. Do not tap extend-time Decline.","52576","Decline-1: Select a reason then confirm Decline","L2B Vendor Quick Booking decline — rental owner 9000000001","Fri Sep 18 16:10:33 IST 2026","passed","Fri Sep 18 16:11:26 IST 2026","com.l2b.vendor.modules.quickbooking.presentation.tests.QuickBookingDeclineTest","Quick Booking decline","com.l2b.vendor.modules.quickbooking.presentation.tests.QuickBookingDeclineTest","declineOneRentalCard"
"Tap a completed summary card. Record whether a detail screen opens or the card is inert, and confirm no Assign / Change / cancel action is reachable from there.","58502","RB-I12: tapping a Completed card","L2B RB-I12","Wed Sep 23 17:41:21 IST 2026","passed","Wed Sep 23 17:42:20 IST 2026","com.l2b.vendor.modules.bookings.presentation.tests.rentalbooking.RentalBookingInteractTest","RB-I12 tapCompletedCard","com.l2b.vendor.modules.bookings.presentation.tests.rentalbooking.RentalBookingInteractTest","tapCompletedCard"
"If drawer opens: new number. Do not fold into #18.","57425","RH-E2: rotate landscape then portrait","L2B RH-E2","Tue Sep 22 12:30:08 IST 2026","passed","Tue Sep 22 12:31:05 IST 2026","com.l2b.vendor.modules.home.presentation.tests.RentalHomeEdgeTest","RH-E2 rotate","com.l2b.vendor.modules.home.presentation.tests.RentalHomeEdgeTest","rotationKeepsHome"
